manga_id,staff_name,occupation
30002,Kentarou Miura,Mangaka
30002,Kouji Mori,Mangaka
30002,Studio Gaga,Not Recorded
30002,Marc Bernabé,Translator
30002,Paweł Dybała,Translator
30002,Drik Sada,Translator
30002,Duane Johnson,Translator
30002,Jason DeAngelis,Translator
30002,Jason DeAngelis,Writer
30002,David Deleule,Translator
30002,René-Gilles Deberdt,Translator
30002,Dan Nakrosis,Letterer
30002,John Schmitt-Weigand,Translator
30002,Diego Rodeguero,Not Recorded
30002,Alp İlkkurşun,Translator
30002,Gönül Öztopuz,Translator
30002,Diógenes Dih,Editor
30002,Diógenes Dih,Letterer
30002,Ricardo Santana,Letterer 
31706,Yasuki Tanaka,Mangaka
31706,Hirohiko Araki,Mangaka
31706,Hiroshi Shiibashi,Mangaka
31706,Hideo Shinkai,Mangaka
31706,Kousuke Kurose,Mangaka
31706,Yoshihisa Heishi,Producer
31706,Ryou Itou,Producer
31706,Karen Hayashida,Translator
31706,Beatriz Poszar,Not Recorded
30656,Takehiko Inoue,Mangaka
30656,Eiji Yoshikawa,Not Recorded
30656,Yasuhisa Hara,Mangaka
30656,Katsumi Tatsuzawa,Mangaka
30656,Steve Dutro,Not Recorded
30656,Yuji Oniki,Translator
30656,Beth Kodama,Translator
30656,Beth Kodama,Illustrator
30656,Beth Kodama,Writer
30656,Dirce Miyamura,Not Recorded
30656,Miriam Tomi,Not Recorded
30656,Agustín Gomez Sanz,Translator
30656,Jacques Lalloz,Translator
30656,Gustavo Figueiredo,Letterer
30656,Bruno Zago,Editor
30656,Cassius Medaur,Editor
30656,Cassius Medaur,Translator
30656,Marcelo Del Greco,Editor
30656,Marcelo Del Greco,Translator
30013,Eiichirou Oda,Mangaka
30013,Tatsuma Eijiri,Mangaka
30013,Shinya Suzuki,Mangaka
30013,Mikio Itou,Mangaka
30013,Katsunori Matsui,Mangaka
30013,Yuusaku Shibata,Mangaka
30013,Haruto Ikezawa,Mangaka
30013,Ryou Ishiyama,Mangaka
30013,Tsunehiro Date,Mangaka
30013,Takamasa Moue,Mangaka
30013,Masaoki Shindou,Mangaka
30013,Ei Andou,Not Recorded
30013,Yoshikazu Amami,Mangaka
30013,Midori Matsuda,Animator
30013,Daiki Ihara,Mangaka
30013,Kouhei Oonishi,Producer
30013,Naoki Kawashima,Not Recorded
30013,Taku Sugita,Not Recorded
30013,Susan Daigle-Leach,Not Recorded
30013,Terje Nordberg,Not Recorded
30013,Stephen Paul,Translator
30013,Paweł Dybała,Translator
30013,Drik Sada,Translator
30013,Felipe Monte,Translator
30013,Josef Shanel,Translator
64053,Kei Natsumi,Illustrator
64053,Kei Natsumi,Mangaka
64053,Kei Natsumi,Artist
64053,Ryukishi07,Writer
64053,Stephen Paul,Translator
64053,Abigail Blackman,Letterer
30001,Naoki Urasawa,Mangaka
30001,Yasushi Hoshino,Mangaka
30001,Marc Bernabé,Translator
30001,Thibaud Desbief,Translator
30001,Camellia Nieh,Translator
30001,Steve Dutro,Not Recorded
30001,Dirce Miyamura,Not Recorded
30001,Verónica Calafell,Translator
30001,Les Travaux d'Hercule,Not Recorded
30001,Anne Bidault,Not Recorded
30642,Makoto Yukimura,Mangaka
30642,Scott Brown,Letterer
30642,Marc Bernabé,Translator
30642,Stephen Paul,Translator
30642,Christian Biscaro,Letterer
30642,Xavière Daumarie,Translator
30642,Edoardo Serino,Not Recorded
30642,Beatriz Poszar,Not Recorded
30642,Lídia Ivasa,Translator
30642,Beth Kodama,Translator
30642,Beth Kodama,Illustrator
30642,Beth Kodama,Writer
30642,Hirofumi Yamada,Translator
30642,Yifeng Zhang,Translator
30642,Bruno Zago,Editor
30642,Diógenes Dih,Editor
30642,Diógenes Dih,Letterer
30642,Camila Cysneiros,Editor
30051,Takehiko Inoue,Mangaka
30051,Katsumi Tatsuzawa,Mangaka
30051,Drik Sada,Translator
30051,Beth Kodama,Translator
30051,Beth Kodama,Illustrator
30051,Beth Kodama,Writer
30051,Agustín Gomez Sanz,Translator
30051,Gustavo Figueiredo,Letterer
30051,Joel Dias,Letterer
30051,Phueak,Translator
30051,Diógenes Dih,Editor
30051,Diógenes Dih,Letterer
30051,Tomoyuki Shima,Editor
30051,Martin Gericke,Translator
30051,Victor Barbosa,Editor
74489,Haruko Ichikawa,Mangaka
74489,Alethea Nibley,Translator
74489,Athena Nibley,Translator
74489,Anne-Sophie Thevenon,Translator
74489,Anne Demars,Letterer
74489,Cát Tường,Translator
74489,Yasuko Tojo,Translator
74489,Thomas Lameth,Not Recorded
30025,Hiromu Arakawa,Mangaka
30025,Kyu Aiya,Not Recorded
30025,Hikaru Miyoshi,Mangaka
30025,Jun Tokou,Not Recorded
30025,Manatsu Suzuki,Mangaka
30025,Sankichi Hinodeya,Mangaka
30025,Masanari Yuzuka,Mangaka
30025,Asashi Mizutani,Not Recorded
30025,Keisui Takaeda,Not Recorded
30025,Annette Nordheim,Translator
30025,Steve Dutro,Not Recorded
30025,Paweł Dybała,Translator
30025,Karen Hayashida,Translator
30025,Luiz Kobayashi,Translator
30025,Hope Donovan,Letterer
30025,Thiago Nojiri,Translator
30025,Wayne Truman,Not Recorded
30025,Simon Hammar,Translator
30025,Giang Huong,Translator
30025,Akira Watanabe,Translator
30025,Yuren Fang,Translator
30025,Cassius Medaur,Editor
30025,Cassius Medaur,Translator
30025,Marcelo Del Greco,Editor
30025,Marcelo Del Greco,Translator
110992,Keika Hanada,Writer
110992,Moyataro,Illustrator
30657,Takehiko Inoue,Mangaka
30657,Yuuichi Itakura,Not Recorded
30657,Yasuhisa Hara,Mangaka
30657,Katsumi Tatsuzawa,Mangaka
30657,Thibaud Desbief,Translator
30657,Sandra Fujishiro,Translator
30657,Walden Wong,Not Recorded
140407,Hyeon-Min Lee,Mangaka
140407,Baek-Gyeong Mun,Writer
140407,Hyeon-Su Kim,Artist
46765,Yasuhisa Hara,Mangaka
46765,Sui Ishida,Mangaka
46765,Toshimitsu Matsubara,Mangaka
46765,Tooru Hakoishi,Mangaka
46765,Kasahara Masaki,Mangaka
46765,Kouhei Tajika,Not Recorded
46765,Rina Mapa,Letterer
46765,Stephen Paul,Translator
46765,Nathan Collins,Not Recorded
46765,Phúc Trần,Translator
46765,Quế Nguyệt,Translator
46765,Rae First,Editor
46765,Natsuo Shouji,Writer
46765,Natsume Umemoto,Mangaka
65243,Haruichi Furudate,Mangaka
65243,Atsushi Namikiri,Mangaka
65243,Tasuku Sugie,Mangaka
65243,Tasuku Sugie,Illustrator
65243,Yumiya  Tashiro,Not Recorded
65243,Ryouta Ikeda,Producer
65243,Adrienne Beck,Translator
65243,Christian Biscaro,Letterer
65243,Edoardo Serino,Not Recorded
65243,Erika Terriquez,Letterer
65243,Sandra Nogués Graell,Translator
65243,Renata Leitão,Translator
65243,Ruyuha Kyouka,Translator
65243,Rae First,Editor
65243,Etsuko Tabuchi,Translator
65243,Florian Weitschies,Translator
65243,Aleksandra Stawska,Translator
113869,You Shiina,Illustrator
113869,Miya Kazuki,Writer
113869,Quof,Not Recorded
113869,Kieran Redgewell,Editor
113869,Jinyu Xu,Translator
113869,Meiru,Not Recorded
87395,Kenji Inoue,Writer
87395,Kimitake Yoshioka,Mangaka
87395,Jan Ivan Concepcion,Not Recorded
87395,Adam Hirsch,Translator
87395,Dariusz Latoś,Translator
31303,Ikki Kajiwara,Writer
31303,Sanbanchi Kawa,Mangaka
31303,Tetsuya Chiba,Mangaka
31303,Akio Chiba,Mangaka
31303,Teruo Miyahara,Producer
31303,Marc Bernabé,Translator
30104,Kiyohiko Azuma,Mangaka
30104,Stephen Paul,Translator
30104,Amy Forsyth,Translator
30104,Eve Chauviré,Translator
30104,Anna Piechowiak,Translator
30104,Marcus Wehner,Translator
30104,Véronique Pérez,Not Recorded
135129,Takehiko Inoue,Mangaka
98361,Sugaru Miaki,Writer
98361,E9L,Not Recorded
98361,Stephen Paul,Translator
143701,NISIOISIN,Writer
143701,VOFAN,Artist
143701,Ko Ransom,Translator
30028,Ai Yazawa,Mangaka
30028,Tomo Kimura,Translator
30028,Sabrina Heep,Not Recorded
30028,Ayako Koike,Translator
30028,Trait pour Trait,Not Recorded
30028,Hilal Öndoğan,Translator
30028,Koji Goto,Translator
30028,Simona Maccaroni,Not Recorded
30028,My Bergström,Translator
30028,Sahé Cibot,Not Recorded
30028,Anna Piechowiak,Translator
143726,NISIOISIN,Writer
143726,VOFAN,Artist
143726,Daniel Joseph,Translator
53751,NISIOISIN,Writer
53751,VOFAN,Artist
53751,Ko Ransom,Translator
34632,Inio Asano,Mangaka
34632,Hiro Kashiwaba,Mangaka
34632,Marc Bernabé,Translator
34632,Thibaud Desbief,Translator
34632,Edward Kondo,Translator
34632,Annaliese Christman,Letterer
34632,Annaliese Christman,Touch-up Artist
34632,JN Productions,Translator
34632,JN Productions,Editor
34632,Sakura Ilgert,Translator
98610,Shirabi,Illustrator
98610,Asato Asato,Writer
98610,Yukio Reuter,Not Recorded
98610,I-IV,Designer
98610,Roman Lempert,Translator
98610,Kiyose Takao,Producer
98610,Tomoki Tsuchiya,Producer
98610,Thithat Chinuang,Not Recorded
98610,Chotika Siphurichanya,Not Recorded
98610,Tabata,Editor
30003,Naoki Urasawa,Mangaka
30003,Marc Bernabé,Translator
30003,Akemi Wegmüller,Translator
30003,Josef Shanel,Translator
30003,Matthias Wissnet,Not Recorded
30003,Freeman Wong,Not Recorded
30003,Elza Keiko,Letterer
30003,Dirce Miyamura,Not Recorded
30003,Roberto Pesci,Translator
30003,Vincent Zouzoulkovsky,Translator
30003,Nicola Spano,Not Recorded
30003,Ram One,Not Recorded
30003,Eduardo Solé,Not Recorded
30003,Verónica Calafell,Translator
30003,Sipei Yu,Translator
140475,Saka Mikami,Mangaka
140475,Manon Debienne,Translator
140475,Sayaka Okada,Translator
140475,Fabian Kraft,Translator
140475,KOSUKEN,Translator
140475,Diógenes Dih,Editor
140475,Diógenes Dih,Letterer
30026,Yoshihiro Togashi,Mangaka
30026,Naoko Takeuchi,Mangaka
30026,Katsunori Matsui,Mangaka
30026,Kouhei Oonishi,Producer
30026,Kengo Monji,Producer
30026,Mark Griffin,Not Recorded
30026,Marc Bernabé,Translator
30026,Thibaud Desbief,Translator
30026,Eric Montesinos,Letterer
30026,Eric Montesinos,Touch-up Artist
30026,Lillian Olsen,Translator
30026,Kousuke Yahagi,Magazine Editor
30026,Kouji Yoshida,Magazine Editor
30026,Yuu Saitou,Magazine Editor
30026,HudsonYards,Not Recorded
30026,Mark McMurray,Letterer
30026,Ayako Koike,Translator
30026,Rica Sakata,Translator
30026,Liên Vũ,Translator
30026,Anna Wrzesiak,Translator
30026,Rodolphe Gicquel,Translator
30026,Hirofumi Yamada,Translator
30026,Takahiro Habuta,Editor
30026,Kouji Onodera,Magazine Editor
30026,Songyuu Kim,Magazine Editor
30026,Marcelo Del Greco,Editor
30026,Marcelo Del Greco,Translator
86635,Aka Akasaka,Mangaka
86635,Aka Akasaka,Illustrator
86635,Tomo Kimura,Translator
86635,Emi Louie-Nishikawa,Translator
86635,Caio Suzuki,Translator
86635,Emilio Ros Casas,Translator
86635,Marylou Leclerc,Translator
86635,Ninh Di,Translator
86635,Dariusz Latoś,Translator
86082,Ryouko Kui,Mangaka
86082,Marc Bernabé,Translator
86082,Taylor Engel,Translator
86082,Sébastien Ludmann,Translator
86082,Felipe Monte,Translator
86082,Claudia Peter,Translator
86082,Wang,Translator
86082,Abigail Blackman,Letterer
86082,Sandro Cecchi,Translator
86082,Massimiliano Lucidi,Letterer
86082,Hinoko,Not Recorded
86082,Đan Ngô,Translator
86082,Nixuan Li,Translator
85470,Rifujin na Magonote,Writer
85470,Sirotaka,Illustrator
85470,Alyssa Orton-Niioka,Translator
85470,Kevin Frane,Translator
85470,Kevin Frane,Writer
85470,Paul Cuneo,Translator
85470,Soraphong Kitbunchaporn,Not Recorded
85470,airco,Translator
85470,Sylvia Gallagher,Translator
85470,Melanie Höpfler,Editor
85470,Anemone Bauer,Translator
31224,Chica Umino,Mangaka
31224,Ryou Tomoda,Editor
31224,Ryou Tomoda,Producer
31224,Caio Suzuki,Translator
31224,Suzu Kawashima,Mangaka
31224,Kinga Zielińska,Translator
31224,Giang Huong,Translator
31224,Xingjun Cai,Translator
31224,Hibiki Tatsumi,Editor
85737,Tappei Nagatsuki,Writer
85737,Shinichirou Ootsuka,Illustrator
85737,Shinichirou Ootsuka,Designer
85737,ZephyrRz,Translator
85737,Jeremiah Bourque,Translator
85737,Thiago Nojiri,Translator
85737,Onusa Ungsriwong,Translator
85737,Nut Rittrairat,Translator
85737,Karolina Dwornik,Translator
85737,Monchanok Makbunprasit,Translator
85737,Gabriela Takahashi,Translator
85737,Yoan Giraud,Not Recorded
85737,Lucyna Wawrzyniak,Translator
75143,Amyuu Sakura,Mangaka
75143,Aline Kukor,Translator
75143,Tom Bertrand,Letterer
75143,Nixuan Li,Translator
53900,Eita Mizuno,Not Recorded
53900,Ryukishi07,Writer
53900,Stephen Paul,Translator
53900,Abigail Blackman,Letterer
44893,NISIOISIN,Writer
44893,VOFAN,Artist
44893,Ko Ransom,Translator
44893,Thu Hiền,Translator
44893,Thu Hà,Translator
143838,NISIOISIN,Writer
143838,Take,Illustrator
37375,Shinichi Sakamoto,Mangaka
37375,Hiroshi Takano,Writer
37375,Shinya Komi,Mangaka
37375,Jirou Nitta,Writer
37375,John Werry,Translator
37375,Joanna Estep,Not Recorded
37375,Yoshio Nabeta,Mangaka
37375,Maria Diaz,Editor
110802,You Shiina,Illustrator
110802,Miya Kazuki,Writer
110802,Quof,Not Recorded
110802,Kieran Redgewell,Editor
110802,Meiru,Not Recorded
85135,Yoshitoki Ooima,Mangaka
85135,Steven LeCroy,Not Recorded
85135,Denis Kimura,Translator
85135,Géraldine Oudin,Translator
85135,Christine Steinle,Translator
85135,Salomón Doncel-Moriano Urbano,Translator
85135,Hinoko,Not Recorded
85135,Tomasz Molski,Translator
85135,Sayuri Tanamate,Translator
118586,Kanehito Yamada,Mangaka
118586,Tsukasa Abe,Mangaka
118586,Géraldine Oudin,Translator
118586,Annaliese Christman,Letterer
118586,Annaliese Christman,Touch-up Artist
118586,Katsumasa Ogura,Magazine Editor
118586,Misa,Translator
118586,Hilal Öndoğan,Translator
118586,Martyna Zdonek,Translator
118586,Hironobu Yoshinaka,Not Recorded
118586,Jan Kuhn,Translator
30007,Kentarou Miura,Mangaka
30007,George Morikawa,Mangaka
30007,Yuuji Ninomiya,Mangaka
30007,Diógenes Dih,Editor
30007,Diógenes Dih,Letterer
116170,Ikumi Fukuda,Not Recorded
116170,Jocelyne Allen,Translator
116170,Miyuki Tsuji,Translator
116170,Patrick Honnoré,Translator
116170,Yukari Maeda,Translator
116170,Kévin Druelle,Letterer
51525,Mizuho Kusanagi,Mangaka
51525,Lys Blakeslee,Letterer
51525,JN Productions,Translator
51525,JN Productions,Editor
51525,Sandra Nogués Graell,Translator
51525,Verena Maser,Translator
51525,Ruyuha Kyouka,Translator
118371,Ikada Tsuruma,Mangaka
118371,Nori Arashiyama,Mangaka
118371,Hiro Nagimatsu,Mangaka
112275,Mo Xiang Tong Xiu,Writer
112275,STARember,Not Recorded
112275,Bai Meng She,Artist
143747,NISIOISIN,Writer
143747,VOFAN,Artist
143747,Ko Ransom,Translator
39115,Isuna Hasekura,Writer
39115,Juu Ayakura,Illustrator
39115,Juu Ayakura,Designer
39115,Paul Starr,Translator
39115,Jeremiah Bourque,Translator
39115,Jasmine Bernhardt,Translator
39115,Guanfen Lin,Translator
143841,NISIOISIN,Writer
143841,Take,Illustrator
99026,Natsu Hyuuga,Writer
99026,Touko Shino,Illustrator
99026,Kevin Steinbach,Translator
99026,Lun Ke,Translator
30336,Shin Kibayashi,Mangaka
30336,Rando Ayamine,Mangaka
30336,Tooru Fujisawa,Mangaka
30336,Hirotoshi Kurita,Magazine Editor
30336,Dynamic Tarou,Not Recorded
30336,Kiichirou Sugawara,Not Recorded
30336,Toshihiro Miura,Magazine Editor
30336,Toshimi Horikawa,Magazine Editor
30336,Chung-hyun Park,Not Recorded
89278,Nobuyuki Fukumoto,Mangaka
43245,Yuki Suetsugu,Mangaka
43245,Fédoua Lamodière,Translator
43245,Ko Ransom,Translator
30081,Kozue Amano,Mangaka
30081,Elina Ishikawa,Translator
30081,Sayaka Gojou,Mangaka
30044,Hideaki Sorachi,Mangaka
30044,Kenta Shinohara,Mangaka
30044,Youichi Amano,Mangaka
30044,Tsunehiro Date,Mangaka
30044,Kentarou Itani,Mangaka
30044,Sukeyuki Honda,Producer
30044,Kouhei Oonishi,Producer
30044,Marc Bernabé,Translator
30044,Yuu Saitou,Magazine Editor
30044,Matthew Rosin,Translator
30044,Averil Averill,Not Recorded
30044,Freeman Wong,Not Recorded
30044,Atsushi Nakazaki,Producer
30044,Mokey King,Translator
30044,Trang Nguyễn,Translator
30044,Takuma Naitou,Editor
30044,Takeru Isaka,Magazine Editor
30044,Osamu Matsuo,Editor
30044,Ren Manabe,Editor
117620,Yuama,Mangaka
117620,Elena Pizarro Lanzas,Letterer
117620,Verena Maser,Translator
117620,Margaret Ngo,Translator
98263,Kamome Shirahama,Mangaka
98263,Fédoua Lamodière,Translator
98263,Lys Blakeslee,Letterer
98263,Beatriz Poszar,Not Recorded
98263,Lídia Ivasa,Translator
98263,Stephen Kohler,Translator
98263,Judit Moreno,Translator
98263,Antonio Valdez,Translator
98263,Verónica Calafell,Translator
98263,Shuji Takizawa,Touch-up Artist
98263,Shuji Takizawa,Letterer
98263,Liên Vũ,Translator
98263,Soraphong Kitbunchaporn,Not Recorded
98263,Chuanyu Wei,Translator
86559,Satoru Noda,Mangaka
86559,Hakkou Ookuma,Editor
86559,John Werry,Translator
86559,Sébastien Ludmann,Translator
86559,Maite Madinabeitia,Translator
86559,Eiji Yasuda,Translator
86559,Steve Dutro,Not Recorded
86559,Lídia Ivasa,Translator
86559,Beth Kodama,Translator
86559,Beth Kodama,Illustrator
86559,Beth Kodama,Writer
86559,Gabriela Kato,Letterer
86559,Eugenio Uzhinin,Not Recorded
86559,Diógenes Dih,Editor
86559,Diógenes Dih,Letterer
86559,Siyu Lai,Translator
86559,Danilo de Assis,Letterer
187189,Gomyang,Mangaka
187189,AHN2EE,Artist
107279,Naohiko Ueno,Writer
107279,Yuugo Kobayashi,Mangaka
107279,Anaïs Koechlin,Translator
85412,Tsukumizu,Mangaka
85412,Amanda Haley,Translator
85412,Abigail Blackman,Letterer
85412,Florent Gorges,Translator
85412,Gabriela Takahashi,Translator
119247,Yousuke Kabashima,Animator
119247,Yousuke Kabashima,Designer
119247,Pierre Sugiura,Scriptwriter
119247,Taiyou Kuzumi,Mangaka
94970,Shunsaku Tomose,Illustrator
94970,Shunsaku Tomose,Mangaka
94970,Shougo Kinugasa,Writer
94970,Chatkhwan Adisai,Translator
94970,Renita,Translator
94970,Aurélie Brun,Translator
94970,Timothy MacKenzie,Translator
31133,Q Hayashida,Mangaka
31133,Sylvain Chollet,Translator
31133,Anne Demars,Letterer
31133,Gabriel Álvarez Martínez,Translator
31133,Matt Alt,Translator
31133,Hiroko Yoda,Translator
31133,Dariusz Latoś,Translator
31133,Sascha Mandler,Translator
130080,Kafka Asagiri,Mangaka
130080,Kafka Asagiri,Writer
130080,Kafka Asagiri,Scriptwriter
130080,Harukawa35,Mangaka
130080,Matthew Rutsohn,Translator
30145,Harold Sakuishi,Mangaka
30145,John K. Pe-Ta,Mangaka
30145,Chikara Sakuma,Not Recorded
30145,SP Nakatema ,Not Recorded
30145,Nobuyuki Manaka,Mangaka
30145,Diógenes Dih,Editor
30145,Diógenes Dih,Letterer
115166,Shunsaku Tomose,Illustrator
115166,Shunsaku Tomose,Mangaka
115166,Shougo Kinugasa,Writer
115166,Chatkhwan Adisai,Translator
115166,Timothy MacKenzie,Translator
109285,Misaki Takamatsu,Mangaka
109285,Nicole Frasik,Translator
109285,Christine Minutoli,Translator
109285,Vanessa Satone,Letterer
109285,Lucas dos Santos Cabral,Translator
44483,Chuuya Koyama,Mangaka
44483,Adam Lensenmayer,Translator
44483,William Flanagan,Translator
44483,Christine Dashiell,Translator
44483,Christian Biscaro,Letterer
44483,Ernesto Cellie,Translator
44483,Laura Wyrick,Letterer
44483,Baldassarre Minopoli,Letterer
44483,Teishirou,Mangaka
44483,Phuong,Translator
44483,Jiaxiang Xu,Translator
39982,Toshio Sako,Mangaka
119257,Singsyong,Writer
119257,Sleepy-C,Artist
119257,UMI,Writer
119257,Geomnem,Illustrator
119257,Jessica Walther,Translator
107237,Tsubasa Yamaguchi,Mangaka
107237,Ajani Oloye,Translator
107237,Jesús Espí,Translator
107237,Tommaso Ghirlanda,Not Recorded
107237,Nathalie Lejeune,Translator
107237,Brigitte Dubois,Letterer
107237,Karolina Dwornik,Translator
107237,Ukato Mai,Translator
107237,Tama Duy Ngoc,Translator
106331,Tomoko Yamashita,Mangaka
106331,Pascale Simon,Translator
106331,Eric Montesinos,Letterer
106331,Eric Montesinos,Touch-up Artist
106331,Sign*,Not Recorded
106331,Lan Qiu Wan,Translator
97553,Shouichi Taguchi,Mangaka
97553,Shouichi Taguchi,Artist
97553,Shouichi Taguchi,Musician
97553,Sugaru Miaki,Writer
97553,E9L,Not Recorded
97553,Minh Quang,Translator
54875,Kazuma Kamachi,Writer
54875,Kiyotaka Haimura,Illustrator
54875,Alice Prowse,Translator
30004,Hitoshi Ashinano,Mangaka
30004,Daniel Komen,Translator
30004,Ludwig Sacramento,Letterer
110801,You Shiina,Illustrator
110801,Miya Kazuki,Writer
110801,Quof,Not Recorded
110801,Kieran Redgewell,Editor
110801,Meiru,Not Recorded
86218,Nio Nakatani,Mangaka
86218,Jenny McKeon,Translator
86218,Aline Kukor,Translator
86218,Karen Hayashida,Translator
86218,Agnès Pérez Massegú,Translator
86218,Lasse Christiansen,Translator
86218,Sara Manasterska,Translator
86218,Jiarong Jiang,Translator
86218,Jia Yun,Translator
86218,Xiangbei Zheng,Translator
86218,CK Russell,Letterer
187944,JIXKSEE,Mangaka
174875,Yuama,Mangaka
110800,You Shiina,Illustrator
110800,Miya Kazuki,Writer
110800,Quof,Not Recorded
110800,Kieran Redgewell,Editor
110800,Meiru,Not Recorded
92936,Ryukishi07,Writer
92936,Tomohi,Mangaka
92936,Tomohi,Illustrator
86569,Yuuji Terajima,Mangaka
114998,Kafka Asagiri,Mangaka
114998,Kafka Asagiri,Writer
114998,Kafka Asagiri,Scriptwriter
114998,Harukawa35,Mangaka
114998,Shiwasu Hoshikawa,Mangaka
114998,Kevin Gifford,Translator
114998,Bianca Pistillo,Letterer
114998,Karolina Dwornik,Translator
105778,Tatsuki Fujimoto,Mangaka
105778,Hanachika Toyama,Mangaka
105778,Norihito Sasaki,Mangaka
105778,Sabrina Heep,Not Recorded
105778,Yukinobu Tatsu,Mangaka
105778,Sébastien Ludmann,Translator
105778,Amanda Haley,Translator
105778,Felipe Monte,Translator
105778,Judit Moreno,Translator
105778,Emilio Ros Casas,Translator
105778,Erwan Lossois,Touch-up Artist
105778,Erwan Lossois,Letterer
105778,Sou Nishida,Mangaka
105778,Jun Nagatsuki,Mangaka
105778,Shihei Lin,Magazine Editor
105778,Si-Nae Kim,Translator
105778,Wojciech Gęszczak,Translator
105778,Ili Tenjou,Translator
105778,Judith Rodríguez,Translator
105778,Yoshino Tsukasa,Mangaka
105778,Paulo Kutscher,Translator
99022,Natsu Hyuuga,Writer
99022,Erika Ikeda,Mangaka
99022,Touko Shino,Illustrator
99022,Itsuki Nanao,Not Recorded
99022,Géraldine Oudin,Translator
99022,Clair Obscur,Not Recorded
99022,Julie Goniwich,Translator
99022,Lidwina Leung,Translator
99022,Sara Manasterska,Translator
99022,Lun Ke,Translator
99022,Katarzyna Szelenbaum,Translator
119521,U-Gak,Writer
119521,Hae-Min,Mangaka
119521,Son,Mangaka
106929,Hye-Jin Kim,Artist
106929,Jae-Ho Son,Writer
30418,Yuki Urushibara,Mangaka
30418,William Flanagan,Translator
30418,Olinda Cordukes,Translator
100568,Ji-Hun Jeong,Mangaka
100568,Abigail Blackman,Letterer
70171,Wataru Watari,Writer
70171,Ponkan 8,Illustrator
70171,Jennifer Ward,Translator
41054,Naoki Urasawa,Mangaka
41054,Takashi Nagasaki,Writer
41054,Sylvain Chollet,Translator
41054,Verónica Calafell,Translator
41054,Jiaxiang Xu,Translator
41054,Yvonne Gerstheimer,Translator
31859,Yuki Midorikawa,Mangaka
31859,Trait pour Trait,Not Recorded
31859,Yuki Kakiichi,Translator
31859,Tomiko Suzuki,Not Recorded
31859,Dariusz Latoś,Translator
30651,Hayao Miyazaki,Director
30651,Hayao Miyazaki,Animator
30651,Hayao Miyazaki,Writer
30651,Marc Bernabé,Translator
30651,Nacha Medrano,Translator
30651,Dirce Miyamura,Not Recorded
30651,Miriam Tomi,Not Recorded
30651,Miho Sasamori,Translator
30651,Marcelo Del Greco,Editor
30651,Marcelo Del Greco,Translator
30651,Júlio Moreno,Editor
146983,Tatsuki Fujimoto,Mangaka
146983,Tooru Kuramori,Mangaka
146983,Hanachika Toyama,Mangaka
146983,Kai Kyou,Letterer
146983,Sébastien Ludmann,Translator
146983,Amanda Haley,Translator
146983,Beatriz Poszar,Not Recorded
146983,Felipe Monte,Translator
146983,Snir Aharon,Not Recorded
146983,Gandalf Bartholomäus,Translator
146983,Yoshimura Misaki,Mangaka
146983,Sou Nishida,Mangaka
146983,Agnieszka Zychma,Translator
146983,Atsuka Yamagata,Mangaka
85189,ONE,Mangaka
85189,koya,Animator
85189,koya,Artist
85189,Kumar Sivasubramanian,Translator
85189,Felipe Monte,Translator
85189,Pablo Tschopp,Translator
85189,Lasse Christiansen,Translator
85189,Mokey King,Translator
85189,Trang Nguyễn,Translator
85189,Nathalia Ferreyra,Translator
85189,Diógenes Dih,Editor
85189,Diógenes Dih,Letterer
74347,Yuusuke Murata,Mangaka
74347,ONE,Mangaka
74347,Natsuki Kusakabe,Not Recorded
74347,Atsushi Nakamura,Advertiser
74347,Hakkou Ookuma,Editor
74347,Paweł Dybała,Translator
74347,Beatriz Poszar,Not Recorded
74347,Lídia Ivasa,Translator
74347,John Schmitt-Weigand,Translator
74347,Tomoyuki Katou,Painter
74347,Chiara Antonelli,Touch-up Artist
74347,Chiara Antonelli,Letterer
74347,Paolo Gattone,Touch-up Artist
74347,Paolo Gattone,Letterer
74347,Arion Lian Wu,Letterer
74347,Mokey King,Translator
74347,Trang Nguyễn,Translator
74347,Jun Matsuura,Animator
74347,Jun Matsuura,Mangaka
74347,Genki Miyoshi,Animator
74347,Wataru Iwanaga,Animator
74347,Miho Iwanaga,Production Manager
74347,Bruno Zago,Editor
74347,Diógenes Dih,Editor
74347,Diógenes Dih,Letterer
74347,Alessio Ravazzani,Not Recorded
74347,Aude Boyer,Translator
74347,Ricardo Santana,Letterer 
30745,Naoki Urasawa,Mangaka
30745,Osamu Tezuka,Mangaka
30745,Osamu Tezuka,Director
30745,Osamu Tezuka,Animator
30745,Frederik Schodt,Translator
30745,Makoto Tezuka,Director
30745,Takashi Nagasaki,Writer
30745,Marc Bernabé,Translator
30745,Thibaud Desbief,Translator
30745,Beth Kodama,Translator
30745,Beth Kodama,Illustrator
30745,Beth Kodama,Writer
30745,Dirce Miyamura,Not Recorded
30745,Jürgen Seebeck,Translator
30745,Jared Cook,Translator
30745,Verónica Calafell,Translator
30745,Radosław Bolałek,Translator
30745,Radosław Bolałek,Writer
30745,Diógenes Dih,Editor
30745,Diógenes Dih,Letterer
30745,Sipei Yu,Translator
126986,Wanan,Mangaka
110683,Nilitsu,Illustrator
110683,Mato Satou,Not Recorded
110683,Jenny McKeon,Translator
100805,DJUN,Not Recorded
86551,Akihito Tsukushi,Mangaka
86551,Beni Axia Conrad,Translator
86551,Karen Hayashida,Translator
86551,Vincent Zouzoulkovsky,Translator
86551,James Gaubatz,Letterer
86551,Damián Gaggero,Translator
86551,Miro,Translator
86551,Đan Ngô,Translator
85849,Sou Yayoi,Mangaka
85849,Sakura Ilgert,Translator
121565,NEMONE,Artist
121565,HONGDUCK,Writer
105388,Hitoma Iruma,Writer
105388,Nio Nakatani,Mangaka
105388,Jan Cash,Translator
105388,Vincent Castaneda,Not Recorded
105388,Yang He,Translator
86099,Yong-Seok Jo,Mangaka
41514,Kaoru Mori,Mangaka
41514,William Flanagan,Translator
41514,Yohan Leclerc,Translator
41514,Abigail Blackman,Letterer
41514,Roberta Tiberi,Translator
41514,Massimo Soumaré,Translator
41514,Sandro Cecchi,Translator
30904,Kazuo Koike,Writer
30904,Kazuo Koike,Lyricist
30904,Kazuo Koike,Scriptwriter
30904,Goseki Kojima,Mangaka
30904,Drik Sada,Translator
30904,Beatriz Poszar,Not Recorded
30904,Beth Kodama,Translator
30904,Beth Kodama,Illustrator
30904,Beth Kodama,Writer
30904,Geni Bigas,Not Recorded
30904,Yayoi Kagoshima,Not Recorded
30904,Gustavo Figueiredo,Letterer
30904,Joel Dias,Letterer
30904,Cezary Komorowicz,Translator
30904,Paweł Olejniczak,Translator
30904,Bruno Zago,Editor
30904,Ricardo Santana,Letterer 
30904,Danilo de Assis,Letterer
87383,You Shiina,Illustrator
87383,Miya Kazuki,Writer
87383,Quof,Not Recorded
87383,Meiru,Not Recorded
91170,Hajime Kamoshida,Writer
91170,Hajime Kamoshida,Scriptwriter
91170,Keiji Mizoguchi,Illustrator
91170,Andrew Cunningham,Translator
91170,cherixiu,Not Recorded
143722,NISIOISIN,Writer
143722,VOFAN,Artist
143722,Ko Ransom,Translator
132288,Keigo Shinzo,Mangaka
132288,Jan Cash,Translator
132288,Sylvain Chollet,Translator
105398,Seong-Rak Jang,Mangaka
105398,So-Ryeong Gi,Writer
105398,Chu-Gong,Writer
105398,Hyeon-Gun,Writer
105398,Abigail Blackman,Letterer
105398,Adrianna Jarzębowska,Translator
30756,Akimi Yoshida,Mangaka
30756,Marc Bernabé,Translator
30756,Rachel Thorn,Translator
30756,Pookie Rolf,Translator
30756,Carl Horn,Writer
30756,Carl Horn,Editor
30756,Akemi Wegmüller,Translator
30756,Brian Bitler,Not Recorded
30756,Avril DaStrada,Not Recorded
30756,Zachary Braverman,Translator
30756,Peter Averill,Not Recorded
30756,Mary Kelleher,Letterer
30756,Mary Kelleher,Touch-up Artist
30756,Cato,Not Recorded
30756,Laurence Belingard,Translator
30756,Anna Piechowiak,Translator
30102,Natsuki Takaya,Mangaka
30102,Alethea Nibley,Translator
30102,Sheldon Drzka,Translator
30102,Alexis Kirsch,Translator
30102,James Lee,Not Recorded
30102,Deron Bennett,Letterer
30102,Deron Bennett,Touch-up Artist
30102,Yoohae Yang,Letterer
30102,Yoohae Yang,Touch-up Artist
30102,Bowen Park,Letterer
30102,Bowen Park,Touch-up Artist
30102,Dongjin Oh,Letterer
30102,Dongjin Oh,Touch-up Artist
30102,Athena Nibley,Translator
30102,Sandra Nogués Graell,Translator
85134,Eiji Mikage,Writer
85134,Tetsuo,Illustrator
85134,Luke Baker,Not Recorded
85134,Thien Thanh,Translator
85134,Thuy Tram,Translator
85134,Maarubi,Translator
85134,Katarzyna Podlipska,Translator
51498,Ryukishi07,Writer
51498,Akitaka,Mangaka
51498,Stephen Paul,Translator
51498,Abigail Blackman,Letterer
33031,Jun Mochizuki,Mangaka
33031,Tomo Kimura,Translator
33031,Antje Bockel,Translator
33031,Ruyuha Kyouka,Translator
132144,LICO,Not Recorded
132144,Biga,Writer
99559,Takahiro,Writer
99559,BUNBUN,Illustrator
99559,Aoi Akashiro,Not Recorded
99559,D.K,Designer
99559,JWWorks,Designer
85850,Old Xian,Not Recorded
55515,Hirohiko Araki,Mangaka
55515,Satoshi Yamauchi,Not Recorded
30698,Yoshiyuki Sadamoto,Illustrator
30698,Yoshiyuki Sadamoto,Designer
30698,Yoshiyuki Sadamoto,Animator
30698,Hideaki Anno,Director
30698,David Ury,Translator
30698,John Werry,Translator
30698,William Flanagan,Translator
30698,Lillian Olsen,Translator
30698,Evan Galloway,Translator
30698,Mari Morimoto,Translator
30698,Drik Sada,Translator
30698,Erika Huang,Letterer
30698,Antje Bockel,Translator
30698,Miriam Tomi,Not Recorded
30698,Renata Leitão,Translator
30698,Bakayaro!,Letterer
30698,Rafał Rzepka,Translator
30698,Simon Hammar,Translator
30698,Paolo Buffet,Not Recorded
30698,Vincent Leone,Not Recorded
30698,Cassius Medaur,Editor
30698,Cassius Medaur,Translator
98842,AidaIro,Mangaka
98842,Tania Biswas,Touch-up Artist
98842,Tania Biswas,Letterer
98842,Alethea Nibley,Translator
98842,Nicole Dochych,Not Recorded
98842,Athena Nibley,Translator
98842,Benjamin Moro,Translator
98842,Jesse Moriarty,Letterer
98842,Davide Campari,Translator
98842,Kimberly Pham,Letterer
98842,Luciane Yasawa,Translator
98842,Selene Kanagawa,Not Recorded
98842,Độc giả,Translator
98842,Justyna Harasimiuk-Latoś,Translator
98842,Etsuko Tabuchi,Translator
98842,Florian Weitschies,Translator
94490,Katsuhisa Minami,Mangaka
94490,Thalia Sutton,Letterer
94490,Thalia Sutton,Editor
94490,Arbash Mughal,Letterer
94490,Adam Hirsch,Translator
85976,Kugane Maruyama,Writer
85976,so-bin,Illustrator
85976,Andrew Cunningham,Translator
85976,Emily Balistrieri,Not Recorded
85976,Edward Kondo,Translator
85976,Yoan Giraud,Not Recorded
85976,Anna Piechowiak,Translator
85976,Lucas dos Santos Cabral,Translator
35744,Taiyou Matsumoto,Mangaka
35744,Michael Arias,Not Recorded
35744,Deron Bennett,Letterer
35744,Deron Bennett,Touch-up Artist
35744,Eric Montesinos,Letterer
35744,Eric Montesinos,Touch-up Artist
35744,Julie Naruse,Translator
35744,Yoshiaki Naruse,Translator
35744,Juan Scassa,Translator
143842,NISIOISIN,Writer
143842,Take,Illustrator
136109,Kuzushiro,Mangaka
136109,Angélique Mariet,Translator
136109,KOSUKEN,Translator
101563,Mo Xiang Tong Xiu,Writer
101563,Luo Di Cheng Qiu,Not Recorded
101563,Karis Page,Letterer
101563,Meowmeow,Translator
86890,Shinichi Ishizuka,Not Recorded
86890,Daniel Komen,Translator
86890,Ludwig Sacramento,Letterer
86890,Luise Steggewentz,Translator
86890,Anne-Sophie Thevenon,Translator
86890,Anne Demars,Letterer
63327,Sui Ishida,Mangaka
63327,Edith  Belarra,Translator
63327,Joanna Kochanowska,Translator
63327,Roberto Pesci,Translator
63327,Fernando Mucioli,Voice Actor
63327,Akiko Indei,Translator
63327,Pierre Fernande,Translator
63327,Junpei Matsuo,Magazine Editor
63327,Dong-Uk Kang,Translator
63327,Karolina Dwornik,Translator
63327,Kouta Shugyo,Mangaka
63327,Diógenes Dih,Editor
63327,Diógenes Dih,Letterer
63327,Siyu Lai,Translator
30664,Katsuhiro Ootomo,Mangaka
30664,Katsuhiro Ootomo,Director
30664,Satoshi Kon,Director
30664,Satoshi Kon,Mangaka
30664,Yasumitsu Suetake,Designer
30664,Satoshi Takabatake,Designer
30664,Marc Bernabé,Translator
30664,Yoko Umezawa,Not Recorded
30664,Paweł Dybała,Translator
30664,Drik Sada,Translator
30664,Erika Huang,Letterer
30664,María Ferrer,Translator
30664,María Ferrer,Scriptwriter
30664,Sylvain Chollet,Translator
30664,Hinoko,Not Recorded
30664,Djamel Rabahi,Translator
30664,Bakayaro!,Letterer
30664,Alp İlkkurşun,Translator
30664,Cassius Medaur,Editor
30664,Cassius Medaur,Translator
86238,Kurone Mishima,Illustrator
86238,Natsume Akatsuki,Writer
86238,Kevin Steinbach,Translator
33006,Kei Sanbe,Mangaka
33006,Kei Sanbe,Illustrator
33006,Hirohiko Araki,Mangaka
33006,Nathan Collins,Not Recorded
33006,Karen Hayashida,Translator
33006,Hisashi Sasaki,Magazine Editor
33006,Pablo Tschopp,Translator
33006,Masato Naka,Mangaka
33006,Sascha Mandler,Translator
33006,Katsuhiko Kaito,Magazine Editor
33006,Kouji Kitahara,Illustrator
33006,Kouji Kitahara,Mangaka
33006,Danilo de Assis,Letterer
106726,Tsukumizu,Mangaka
74227,NISIOISIN,Writer
74227,VOFAN,Artist
74227,Daniel Joseph,Translator
51499,Ryukishi07,Writer
51499,Hinase Momoyama,Not Recorded
51499,Stephen Paul,Translator
51499,Abigail Blackman,Letterer
45547,Hideki Arai,Mangaka
45547,Patrick Honnoré,Translator
108251,Miku Morinaga,Mangaka
53390,Tatsuya Endou,Mangaka
53390,Hajime Isayama,Mangaka
53390,Yuusuke Nomura,Mangaka
53390,Kouhei Nagashii,Mangaka
53390,Kouta Sannomiya,Not Recorded
53390,Kyuu Takahata,Mangaka
53390,Shintarou Kawakubo,Producer
53390,Yuuji Kaba,Not Recorded
53390,Paweł Dybała,Translator
53390,Ko Ransom,Translator
53390,Claudia Peter,Translator
53390,Sylvain Chollet,Translator
53390,Erika Abreu,Translator
53390,Yifeng Zhang,Translator
53390,Diógenes Dih,Editor
53390,Diógenes Dih,Letterer
38157,Julietta Suzuki,Mangaka
38157,Tomo Kimura,Translator
38157,Ryouko Sekiguchi,Translator
38157,Isabelle Bovey,Letterer
30021,Takeshi Obata,Mangaka
30021,Tsugumi Ooba,Writer
30021,Kahiro Kyouda,Mangaka
30021,Ryou Ogawa,Mangaka
30021,Gia Cam Luc,Not Recorded
30021,Alexis Kirsch,Translator
30021,Marc Bernabé,Translator
30021,Eric Montesinos,Letterer
30021,Eric Montesinos,Touch-up Artist
30021,Tetsuichiro Miyaki,Translator
30021,Kay Hermann,Translator
30021,Myloo Anhmet,Not Recorded
30021,Paweł Dybała,Translator
30021,Pookie Rolf,Translator
30021,Giacomo Calorio,Translator
30021,Shinya Seto,Translator
30021,Kouji Yoshida,Magazine Editor
30021,Tatsunosuke Sonoda,Mangaka
30021,Kazushi Hinoki,Mangaka
30021,Kazushi Hinoki,Assistant
30021,Rica Sakata,Translator
30021,Nobuhiro Satou,Background Artist
30021,Hüseyin Erkin,Translator
30021,Kami Anani,Translator
30021,Cassius Medaur,Editor
30021,Cassius Medaur,Translator
30021,Marcelo Del Greco,Editor
30021,Marcelo Del Greco,Translator
103192,Asumiko Nakamura,Mangaka
103192,Ana Caro,Translator
103192,Jocelyne Allen,Translator
103192,Ray Steeves,Letterer
103192,Justine Mouron,Not Recorded
103192,Delphine Desusclade,Translator
87208,Yuuki Kamatani,Mangaka
87208,Ana Caro,Translator
87208,Jocelyne Allen,Translator
87208,Kaitlyn Wiley,Letterer
87208,Melissa Pennacchiotti,Translator
87208,Kinga Zielińska,Translator
87208,Alexandra Klepper,Translator
86355,Fuse,Writer
86355,Mitz Vah,Illustrator
86355,Kevin Gifford,Translator
86355,Chloé Bardan,Translator
39726,NISIOISIN,Writer
39726,Take,Illustrator
39726,Greg Moore,Translator
145163,Hajime Kamoshida,Writer
145163,Hajime Kamoshida,Scriptwriter
145163,Keiji Mizoguchi,Illustrator
145163,Andrew Cunningham,Translator
145163,Kasomphan Haruna,Not Recorded
118408,Gyeo-Eul Kwon,Writer
118408,Suol,Not Recorded
118408,Chiho Christie,Letterer
118408,David Odell,Translator
118408,Zuzanna Olszewska,Translator
118408,AH Cho,Translator
98370,Shou Harusono,Mangaka
98370,DK,Letterer
98370,Leighann Harvey,Translator
98370,Angélique Mariet,Translator
98370,Tom Bertrand,Letterer
98370,Blanche Delaborde,Translator
98370,Andrzej Matuszak,Translator
98370,Dominika Bieńkowska,Translator
66413,Masao Ootake,Mangaka
66413,Stephen Kohler,Translator
66413,Nathan Takase,Translator
37482,George Abe,Writer
37482,Masasumi Kakizaki,Mangaka
143763,NISIOISIN,Writer
143763,VOFAN,Artist
126399,Teki Yatsuda,Mangaka
126399,Susana Fernández García,Translator
117324,Bulangni,Mangaka
113533,Hazano Kazutake,Mangaka
113533,Hazano Kazutake,Illustrator
113533,Hanekoto,Illustrator
113533,Saeki-san,Writer
113533,Nicole Wilder,Translator
113533,Chaiyapruh Wutiboonwatana,Translator
113533,Không Chán,Translator
113533,Trân Trân,Translator
113533,Jiaxiang Lin,Translator
113533,Huining Guo,Translator
111189,Suu Morishita,Mangaka
111189,Christine Dashiell,Translator
111189,Lys Blakeslee,Letterer
111189,Carlo Vanstiphout,Letterer
111189,So-Hyeon Park,Translator
92550,Hitoma Iruma,Writer
92550,Nozomi Ousaka,Mangaka
92550,Nozomi Ousaka,Illustrator
92550,Nozomi Ousaka,Animator
92550,Shizue Kaneko,Animator
92550,Shizue Kaneko,Designer
92550,Raemz,Illustrator
92550,Molly Lee,Translator
92550,Cang Mao,Translator
85307,Kafka Asagiri,Mangaka
85307,Kafka Asagiri,Writer
85307,Kafka Asagiri,Scriptwriter
85307,Harukawa35,Mangaka
85307,Carlos Mingo,Translator
85307,Kevin Gifford,Translator
85307,Irene Telleria,Translator
85307,Lục Mịnh,Translator
85307,Karolina Dwornik,Translator
85307,Diógenes Dih,Editor
85307,Diógenes Dih,Letterer
33571,Nobuyuki Fukumoto,Mangaka
33571,Shuuhou Sato,Mangaka
31342,Ryougo Narita,Writer
31342,Katsumi Enami,Illustrator
31342,Taylor Engel,Translator
165131,Rifujin na Magonote,Writer
165131,Sirotaka,Illustrator
107521,Spoon,Artist
107521,Plutus,Writer
107521,Carolina Hernández Mendoza,Letterer
107521,Lauren Na,Translator
87217,Shinichi Sakamoto,Mangaka
87217,Masaki Shii,Mangaka
87217,Gemma Tarrés,Translator
87217,Masakatsu Adachi,Historian
87217,Takashi Yamaguchi,Mangaka
87217,Songyuu Kim,Magazine Editor
87217,Keisuke Tsunashima,Magazine Editor
68071,Satoshi Mizukami,Mangaka
68071,Jocelyne Allen,Translator
68071,Lys Blakeslee,Letterer
68071,Mikka Stifler,Translator
68071,Rachel Pierce,Letterer
33572,Nobuyuki Fukumoto,Mangaka
30042,Akira Toriyama,Mangaka
30042,Yuu Kondou,Not Recorded
30042,Kazuhiko Torishima,Director
30042,Lisa-Marie Pettersen Leira,Translator
30042,Marc Bernabé,Translator
30042,Dag Lønsjø,Translator
30042,Mari Morimoto,Translator
30042,Fédoua Lamodière,Translator
30042,Drik Sada,Translator
30042,Jürgen Seebeck,Translator
30042,Takashi Matsuyama,Not Recorded
30042,Geni Bigas,Not Recorded
30042,Bakayaro!,Letterer
30042,Alp İlkkurşun,Translator
30042,Rafał Rzepka,Translator
30042,Kiyoko Chappe,Not Recorded
30042,Yvan Jacquet,Not Recorded
30042,Fabrice Bras,Not Recorded
30042,Shiuya Tomimoto,Translator
30042,Bruno Zago,Editor
30042,Fuyuto Takeda,Not Recorded
30042,Cassius Medaur,Editor
30042,Cassius Medaur,Translator
145164,Hajime Kamoshida,Writer
145164,Hajime Kamoshida,Scriptwriter
145164,Keiji Mizoguchi,Illustrator
145164,Andrew Cunningham,Translator
145164,Kasomphan Haruna,Not Recorded
136807,Tatsuki Fujimoto,Mangaka
136807,Tokushige  Kawakatsu,Mangaka
136807,Reizou Aisu ,Mangaka
136807,Hanachika Toyama,Mangaka
136807,Sébastien Ludmann,Translator
136807,Amanda Haley,Translator
136807,Felipe Monte,Translator
136807,Snir Aharon,Not Recorded
136807,Sou Nishida,Mangaka
136807,Shihei Lin,Magazine Editor
136807,Hinoko,Not Recorded
136807,Anna Wrzesiak,Translator
136807,Ili Tenjou,Translator
136807,Zhichang Lin,Translator
123117,Kafka Asagiri,Mangaka
123117,Kafka Asagiri,Writer
123117,Kafka Asagiri,Scriptwriter
123117,Harukawa35,Mangaka
123117,Matthew Rutsohn,Translator
119174,Ji-Hun Jeong,Mangaka
86568,Jun Mochizuki,Mangaka
86568,Taylor Engel,Translator
86568,Fédoua Lamodière,Translator
86568,Morgan Hart,Letterer
86568,Bianca Pistillo,Letterer
86568,Gyeong-Hwa O,Translator
86568,Cordelia Suzuki,Translator
86568,Ruyuha Kyouka,Translator
86568,Martin Bachernegg,Translator
86036,Yuukou Osada,Not Recorded
86036,Kazuya Machida,Not Recorded
86036,Mizuki Yoda,Mangaka
74307,Akiko Higashimura,Mangaka
74307,Jenny McKeon,Translator
74307,Miyako Slocombe,Translator
74307,Lys Blakeslee,Letterer
74307,Miro,Translator
48200,Asumiko Nakamura,Mangaka
48200,Ana Caro,Translator
48200,Jocelyne Allen,Translator
48200,Ray Steeves,Letterer
48200,Delphine Desusclade,Translator
30399,Keiichi Shigusawa,Writer
30399,Kouhaku Kuroboshi,Illustrator
30214,Hajime Yatate,Not Recorded
30214,Yoshikazu Yasuhiko,Animator
30214,Yoshikazu Yasuhiko,Mangaka
30214,Yoshikazu Yasuhiko,Director
30214,Yoshiyuki Tomino,Director
30214,Yoshiyuki Tomino,Writer
30214,Yoshiyuki Tomino,Lyricist
30214,Kunio Okawara,Designer
30214,Melissa Tanaka,Translator
30214,María Ferrer,Translator
30214,María Ferrer,Scriptwriter
30214,Daniel Andreyev,Translator
171729,Aila Nagamine,Letterer
171729,inee,Mangaka
171729,Masaaki Fukushima,Translator
109921,Aruko,Mangaka
109921,Wataru Hinekure,Writer
109921,Jan Cash,Translator
109921,Inori Fukuda Trant,Not Recorded
109921,Fangxin Zhang,Translator
109921,Do Nguyen,Translator
86964,Yeong-Chan Hwang,Artist
86964,Carnby Kim,Writer
86964,Pil Hong,Not Recorded
86964,Min-Ho Kim,Mangaka
86964,mikki,Mangaka
86964,Seung-Hwan Kim,Mangaka
31325,Osamu Tezuka,Mangaka
31325,Osamu Tezuka,Director
31325,Osamu Tezuka,Animator
31325,Buichi Terasawa,Mangaka
31325,Frederik Schodt,Translator
31325,Marc Bernabé,Translator
31325,Edward Kondo,Translator
31325,Marcelo Del Greco,Editor
31325,Marcelo Del Greco,Translator
31325,Marcelo Naranjo,Editor
123125,Kafka Asagiri,Mangaka
123125,Kafka Asagiri,Writer
123125,Kafka Asagiri,Scriptwriter
123125,Harukawa35,Mangaka
123125,Matthew Rutsohn,Translator
108556,Tatsuya Endou,Mangaka
108556,Mafuyu Konishi,Mangaka
108556,Hikari Suehiru,Mangaka
108556,Itsuchi Yosuga,Mangaka
108556,Rina Mapa,Letterer
108556,Casey Loe,Translator
108556,Beatriz Poszar,Not Recorded
108556,Satoko Fujimoto,Translator
108556,Simona Stanzani,Translator
108556,Colin Milliken,Translator
108556,Cara Sanks,Not Recorded
108556,Lara Iacucci,Not Recorded
108556,Luciane Yasawa,Translator
108556,Chiara Antonelli,Touch-up Artist
108556,Chiara Antonelli,Letterer
108556,Paolo Gattone,Touch-up Artist
108556,Paolo Gattone,Letterer
108556,Selene Kanagawa,Not Recorded
108556,Nathalie Bougon,Touch-up Artist
108556,Sylvie Naddeo-Deloche,Letterer
108556,Shihei Lin,Magazine Editor
108556,Lasse Christiansen,Translator
108556,Phương Nga,Translator
108556,Amelia Lipko,Translator
108556,Inka,Translator
108556,Thiago Péres,Translator
108556,Alessio Ravazzani,Not Recorded
98544,Ryousuke Takeuchi,Writer
98544,Ryousuke Takeuchi,Mangaka
98544,Arthur Ignatius Conan Doyle,Writer
98544,Hikaru Miyoshi,Mangaka
98544,Carlos Mingo,Translator
98544,Annaliese Christman,Letterer
98544,Annaliese Christman,Touch-up Artist
98544,Irene Telleria,Translator
98544,Saa,Translator
98544,Agnieszka Zychma,Translator
87347,Natsuki Kizu,Mangaka
87347,Margot Maillac,Translator
87347,Thiago Nojiri,Translator
87347,Judit Moreno,Translator
87347,Anne Demars,Letterer
87347,Jean-François Lacherie,Not Recorded
87347,Tomasz Molski,Translator
50006,Type-Moon,Not Recorded
50006,Ryougo Narita,Writer
50006,Shizuki Morii,Illustrator
50006,Shizuki Morii,Mangaka
159441,Wasakbasak,Artist
159441,U-Ne Cho,Writer
159441,Hermod,Writer
159441,Lya Mayahi,Translator
159441,Douglas De Almeida,Editor
129574,Sui Ishida,Mangaka
108027,Shou Harusono,Mangaka
108027,Leighann Harvey,Translator
108027,Dominika Bieńkowska,Translator
108027,Zhu Zi,Translator
108027,Dayeun Kim,Not Recorded
101131,Mitsu Izumi,Mangaka
101131,Sakura Ilgert,Translator
101131,Anna Koike,Translator
101131,Chuanyu Wei,Translator
99324,Osamu Nishi,Mangaka
99324,Jacqueline Fung,Translator
99324,Yohan Leclerc,Translator
99324,Ajani Oloye,Translator
99324,Liên Vũ,Translator
99324,Martyna Zdonek,Translator
99324,Dariusz Latoś,Translator
99324,Nicole Roderick,Letterer
99324,Xinzhang Du,Translator
99324,Kaichun Chen,Translator
99324,Reona Nishiyama,Not Recorded
98351,Afro,Mangaka
98351,Amber Tamosaitis,Translator
98351,Yohan Leclerc,Translator
98351,Bianca Pistillo,Letterer
98351,DK,Letterer
98351,D. Kim,Letterer
98351,Katarzyna Nishioka,Translator
98351,Stefanie Probst,Translator
98351,Kaichun Chen,Translator
33299,Keito Koume,Mangaka
33299,Isuna Hasekura,Writer
33299,Juu Ayakura,Illustrator
33299,Juu Ayakura,Designer
33299,Lys Blakeslee,Letterer
33299,Alexis Eckerman,Letterer
33299,Paul Starr,Translator
33299,Jeremiah Bourque,Translator
33299,Terri Delgado,Letterer
33299,Gemma Tarrés,Translator
33299,Víctor Gomà,Translator
33299,Jasmine Bernhardt,Translator
33299,Songyan Wu,Translator
33299,ALATA,Translator
33082,Keiichi Arawi,Mangaka
33082,Jenny McKeon,Translator
177706,Hyeon-Min Lee,Mangaka
177706,Soulpung,Writer
177706,An Lee,Artist
177706,Ga Nara,Writer
149544,Ajani Oloye,Translator
149544,Sumiko Arai,Mangaka
149544,Carina Dallmeier,Translator
149544,Agnieszka Zychma,Translator
149544,Nuria Cimas Pita,Translator
149544,Yuanyou Ye,Translator
149544,Morgane Paviot,Not Recorded
132029,Tooru Kuramori,Mangaka
132029,Yukinobu Tatsu,Mangaka
132029,John Werry,Translator
132029,Kumar Sivasubramanian,Translator
132029,Brandon Bovia,Letterer
132029,Felipe Monte,Translator
132029,Sylvain Chollet,Translator
132029,Sara Linsley,Letterer
132029,Jürgen Seebeck,Translator
132029,Andrea Bernal Asensio,Translator
132029,Shihei Lin,Magazine Editor
132029,Hinoko,Not Recorded
132029,Sonickun,Translator
132029,Hajime Yamamoto,Mangaka
132029,Anna Koike,Translator
132029,Atsuka Yamagata,Mangaka
132029,Pierre Valls,Not Recorded
132029,Kyla Aiko,Letterer
132029,André Paz,Translator
132029,Charmita,Not Recorded
132029,Lieny,Translator
110473,Makoto Ojiro,Mangaka
110473,Óscar Tejero,Translator
110473,Studio Charon,Not Recorded
110473,Florent Gorges,Translator
110473,Nadja Stutterheim,Voice Actor
110473,Nadja Stutterheim,Translator
110473,Tomasz Molski,Translator
108551,Yumi Tamura,Mangaka
108551,Patrick Honnoré,Translator
108551,Yukari Maeda,Translator
108551,Aila Nagamine,Letterer
108551,Caroline Winzenried,Translator
108551,Tony Tran,Translator
108551,Weijin Li,Translator
108428,Touzai,Illustrator
108428,Daisuke Aizawa,Writer
108428,Nathaniel Thrasher,Translator
108428,Kristi Fernandez,Translator
108428,Ka Bi Shou,Translator
99609,Izumi Kirihara,Mangaka
99609,Yoru Sumino,Writer
99609,Beni Axia Conrad,Translator
99609,Michala Kropáčková,Translator
99609,Katarzyna Nishioka,Translator
99609,Yuko Keller,Translator
97298,Akiko Takase,Animator
97298,Akiko Takase,Designer
97298,Kana Akatsuki,Writer
85611,Sui Ishida,Mangaka
85611,Edith  Belarra,Translator
85611,Fernando Mucioli,Voice Actor
85611,Akiko Indei,Translator
85611,Dong-Uk Kang,Translator
85611,Karolina Dwornik,Translator
85611,Siyu Lai,Translator
47051,Satsuki Yoshino,Mangaka
47051,Lys Blakeslee,Letterer
47051,Krista Shipley,Translator
47051,Thanh Huong,Translator
41327,Shinobu Kaitani,Mangaka
33083,Nagaru Tanigawa,Writer
33083,Noizi Itou,Illustrator
33083,Noizi Itou,Designer
33083,Chris Pai,Translator
168843,Jinze Yuchi,Not Recorded
168843,Maomao Tou,Artist
168843,Yi Shi Si Zhou,Writer
168843,Yi'er Jin,Writer
168843,Charlie Robinson,Translator
168843,Ann Gree,Editor
113891,Kazuma Kamachi,Writer
113891,Kiyotaka Haimura,Illustrator
104241,Tamifull,Mangaka
33649,Type-Moon,Not Recorded
33649,Kinoko Nasu,Writer
33649,Tomotaka Takeuchi,Designer
33649,Tomotaka Takeuchi,Illustrator
33649,Nitro Plus,Not Recorded
33649,Gen Urobuchi,Writer
33649,Gen Urobuchi,Scriptwriter
33649,Dariusz Latoś,Translator
33573,Nobuyuki Fukumoto,Mangaka
31218,Nobuyuki Fukumoto,Mangaka
31218,Shuuhou Sato,Mangaka
31183,Mitsuru Adachi,Mangaka
31183,Lillian Olsen,Translator
31183,Ralph Yamada,Not Recorded
30660,Riyoko Ikeda,Mangaka
30660,Frederik Schodt,Translator
30660,Thibaud Desbief,Translator
30660,Misato Raillard,Translator
30660,Eric Montesinos,Letterer
30660,Eric Montesinos,Touch-up Artist
30660,Mari Morimoto,Translator
30660,Verónica Calafell,Translator
30660,Yasuko Tojo,Translator
30658,Hiroaki Samura,Mangaka
30658,Marc Bernabé,Translator
30658,Terje Nordberg,Not Recorded
30658,Dana Lewis,Translator
30658,Drik Sada,Translator
30658,Miriam Tomi,Not Recorded
30658,Thiago Nojiri,Translator
30658,Wayne Truman,Not Recorded
30658,Toren Smith,Translator
30658,Tomasz Molski,Translator
30658,Maciej Murzyniec,Translator
30658,Cezary Komorowicz,Translator
168509,Seok-Chan Jeong,Mangaka
143079,Jacqueline Fung,Translator
143079,Moyori Mori,Mangaka
143079,Anne Klink,Translator
143079,Emelia Baum,Editor
134191,sunkki,Mangaka
116219,Kaya Azuma,Not Recorded
116219,Agnieszka Zychma,Translator
105747,Izumi Kirihara,Mangaka
105747,Yoru Sumino,Writer
105747,Rina Mapa,Letterer
105747,Beni Axia Conrad,Translator
105747,Martin Gericke,Translator
45306,Taiyou Matsumoto,Mangaka
45306,Issei Eifuku,Not Recorded
45306,Marc Bernabé,Translator
45306,Thibaud Desbief,Translator
45306,Hongyan Huang,Translator
30974,Yumi Tamura,Mangaka
30974,Misato Raillard,Translator
30974,Eric Montesinos,Letterer
30974,Eric Montesinos,Touch-up Artist
30974,Les Travaux d'Hercule,Not Recorded
30974,Nika Hashiguchi,Translator
30974,Richard Schicke,Translator
30974,Suyun Tu,Translator
30936,Hideo Yamamoto,Mangaka
30936,Rina Mapa,Letterer
30936,Drik Sada,Translator
30936,Cerridwyn Graffham,Translator
146749,Ryukishi07,Writer
146749,Tomohi,Mangaka
146749,Tomohi,Illustrator
128067,Neida,Not Recorded
128067,No-A Sin,Writer
128067,Bill K,Not Recorded
109206,Inori.,Writer
109206,Hanagata,Illustrator
109206,Jenn Yamazaki,Translator
109206,Yumechika,Translator
109206,Kazari,Translator
109206,Kevin Ishizaka,Translator
109206,Sumeragi Ui,Translator
109206,Yongxin Lai,Translator
101311,Hiromu Arakawa,Mangaka
101311,Hiro Mashima,Mangaka
101311,Hiro Mashima,Artist
101311,Ken Akamatsu,Mangaka
101311,Ito Oogure,Mangaka
101311,Aki Shimizu,Mangaka
101311,Yuu Aida,Mangaka
101311,Ema Tooyama,Mangaka
101311,Yuki Urushibara,Mangaka
101311,Nao Akinari,Mangaka
101311,Hajime Ueda,Mangaka
101311,Hajime Ueda,Animator
101311,Kouji Seo,Mangaka
101311,Kumichi Yoshizuki,Mangaka
101311,Akimine Kamijo,Mangaka
101311,Mitsuru Hattori,Mangaka
101311,Kazuki Funatsu,Mangaka
101311,Etsushi Ogawa,Mangaka
101311,Hiroyuki,Mangaka
101311,Kazuma Kondou,Mangaka
101311,Jinsei Kataoka,Writer
101311,Jinsei Kataoka,Mangaka
101311,Nakaba Suzuki,Mangaka
101311,Keiichi Arawi,Mangaka
101311,Miki Yoshikawa,Mangaka
101311,Yasuyuki Nekoi,Mangaka
101311,Akira Hiramoto,Mangaka
87284,Akira Kareno,Writer
87284,ue,Not Recorded
87284,Jasmine Bernhardt,Translator
65513,Honobu Yonezawa,Writer
65513,Như Ý,Translator
36812,Hiroyuki Nishimori,Mangaka
36812,Nao Kurebayashi,Not Recorded
36812,Keiichi Suzuki,Mangaka
36812,Santa Harukaze,Mangaka
36812,Satoshi Kimura,Not Recorded
36812,Yuuichirou Maeya,Mangaka
173062,Mai Matsuda,Mangaka
86717,Fujita,Mangaka
86717,Aline Kukor,Translator
86717,Eric Montesinos,Letterer
86717,Eric Montesinos,Touch-up Artist
86717,Karen Hayashida,Translator
86717,Paul Starr,Translator
86717,Olinda Cordukes,Translator
86717,Jessica Sheaves,Translator
86717,Jennifer O'Donnell,Translator
86717,Sawa Savage,Translator
86717,AndWorld Design,Not Recorded
86717,Gabriela Kato,Letterer
86717,Joachim Roussel,Not Recorded
86717,Lauren Scalan,Not Recorded
86717,Vanessa Tenazas,Not Recorded
86406,Okina Baba,Writer
86406,Tsukasa Kiryuu,Illustrator
86406,Tsukasa Kiryuu,Mangaka
86406,Jenny McKeon,Translator
30030,Bisco Hatori,Mangaka
30030,Marc Bernabé,Translator
30030,Paweł Dybała,Translator
30030,Ayako Koike,Translator
30030,Xiangping Zhuang,Translator
169272,Masakuni Igarashi,Mangaka
169272,Yee Sue Yi,Not Recorded
169272,Anh Kiet Ngo,Translator
169272,Nixuan Li,Translator
148305,Nazuna Shiraume,Mangaka
148305,Mai Murasaki,Illustrator
148305,Makiburo,Writer
148305,Jinghui You,Translator
138705,Kyung-Min Lee,Not Recorded
138705,Jun-Hyeok Song,Artist
98741,Jougi Shiraishi,Writer
98741,Azuru,Illustrator
98741,Nicole Wilder,Translator
98741,Ratchanat Chaipiyaporn,Translator
98741,Yinting Li,Translator
87350,Megumi Morino,Mangaka
87350,Miyako Slocombe,Translator
87350,Carlos Mingo,Translator
87350,Irene Telleria,Translator
87350,Isabelle Bovey,Letterer
87350,Lingling Weng,Translator
86399,Taiki Kawakami,Mangaka
86399,Taiki Kawakami,Writer
86399,Naoto Fukuda,Not Recorded
86399,Fuse,Writer
86399,Mitz Vah,Illustrator
86399,Gaëlle Ruel,Translator
86399,Erica Moriya,Translator
86399,Yamashita,Not Recorded
67707,Naoshi Arakawa,Mangaka
67707,Scott Brown,Letterer
67707,Alethea Nibley,Translator
67707,Athena Nibley,Translator
67707,Erika Abreu,Translator
67707,Salomón Doncel-Moriano Urbano,Translator
67707,Anna Křivánková,Translator
67707,Anna Koike,Translator
67707,Paige Pumphrey,Translator
59211,Izumi Tsubaki,Mangaka
59211,Lys Blakeslee,Letterer
59211,Leighann Harvey,Translator
59211,Olinda Cordukes,Translator
59211,Amelia Lipko,Translator
56704,Haruko Kumota,Mangaka
56704,Cyril Coppini,Translator
56704,Stéphane Duval,Editor
46144,Ryukishi07,Writer
46144,Souichirou,Mangaka
46144,Stephen Paul,Translator
46144,Abigail Blackman,Letterer
40443,Tsutomu Takahashi,Mangaka
40443,Pascale Simon,Translator
40443,Eric Montesinos,Letterer
40443,Eric Montesinos,Touch-up Artist
33575,Nobuyuki Fukumoto,Mangaka
33575,Matt Hodge,Translator
30869,Yellow Tanabe,Mangaka
30869,Makoto Raiku,Mangaka
30869,Haro Aso,Mangaka
30869,Youhei Sakai,Mangaka
30869,Takayoshi Kuroda,Mangaka
30869,Ashibi Fukui,Mangaka
138603,Okada Sayaka,Not Recorded
138603,Ajani Oloye,Translator
138603,Abigail Blackman,Letterer
138603,Mokmok Len,Mangaka
138603,Anna Křivánková,Translator
138603,Manon Debienne,Translator
138603,Patryk Skorupa,Translator
130429,Mon,Mangaka
130429,Roah Kim,Writer
130429,Annabell Führes,Translator
130429,Douglas De Almeida,Editor
106130,Tatsuya Endou,Mangaka
106130,Muneyuki Kaneshiro,Writer
106130,Yuusuke Nomura,Mangaka
106130,Chris Burgener,Letterer
106130,Chris Burgener,Editor
106130,Lilian Lebrun,Translator
106130,Nate Derr,Translator
106130,Agnieszka Zychma,Translator
106130,Yoda,Translator
106130,Markus Lange,Translator
106130,Soutarou Nishii,Mangaka
104045,Nachi Aono,Mangaka
104045,Verena Maser,Translator
104045,Mengfang Cai,Translator
86770,Nagabe,Mangaka
86770,Kyouhei Shinpuku,Not Recorded
86770,Adrienne Beck,Translator
86770,Fédoua Lamodière,Translator
86770,Lys Blakeslee,Letterer
86770,Christine Minutoli,Translator
86770,Renata Garcia,Not Recorded
86770,André Pinto Teixeira,Translator
86770,Yasuko Tojo,Translator
86770,Rei,Translator
86770,Luiz Bodanese,Not Recorded
86770,Miryll Ihrens,Translator
42854,Kazuma Kamachi,Writer
42854,Kiyotaka Haimura,Illustrator
42854,Kazuma Miki,Editor
42854,Kazuma Miki,Writer
42854,Alice Prowse,Translator
42854,Phumjai Piyatatsri,Translator
42854,Visuth Pichatvanit,Translator
42854,Kamolwan Sanguansirikul,Translator
42854,Santabut Piyarat,Translator
33378,Karuho Shiina,Mangaka
33378,Tomo Kimura,Translator
33378,Karen Hayashida,Translator
33378,Koichiro Kensho Nishimura,Not Recorded
33378,Ari Yasuda,Not Recorded
33378,Verónica Calafell,Translator
33378,Joel Dias,Letterer
33378,Mariko Ikeda,Not Recorded
33378,Ruyuha Kyouka,Translator
31061,Gosho Aoyama,Mangaka
31061,Gosho Aoyama,Animator
31061,Marc Bernabé,Translator
31061,Jens Erik Røsåsen,Not Recorded
31061,Thibaud Desbief,Translator
31061,Misato Raillard,Translator
31061,Joe Yamazaki,Translator
31061,Tetsuichiro Miyaki,Translator
31061,Freeman Wong,Not Recorded
31061,Marta Gallego,Translator
31061,Naoko Amemiya,Translator
31061,Walden Wong,Not Recorded
31061,Eiichi Yamagishi,Mangaka
31061,Katsumasa Ogura,Magazine Editor
31061,Simon Hammar,Translator
31061,Jesús Pece,Translator
31061,Naota Machida,Editor
131640,Pas Kim,Mangaka
104063,Soumatou,Mangaka
104063,Taylor Engel,Translator
104063,Lys Blakeslee,Letterer
104063,Pierre Fernande,Translator
104063,Judit Moreno,Translator
104063,Amelia Lipko,Translator
85364,ONE,Mangaka
72451,Daisuke Hagiwara,Mangaka
72451,Daisuke Hagiwara,Illustrator
72451,HERO,Mangaka
72451,HERO,Illustrator
72451,Taylor Engel,Translator
72451,Gaëlle Ruel,Translator
72451,Maite Madinabeitia,Translator
72451,Alexis Eckerman,Letterer
72451,Studio Charon,Not Recorded
72451,Nhung Dinh,Translator
46081,Kei Natsumi,Illustrator
46081,Kei Natsumi,Mangaka
46081,Kei Natsumi,Artist
46081,Ryukishi07,Writer
46081,Stephen Paul,Translator
46081,Abigail Blackman,Letterer
35249,Yoshitoshi ABe,Artist
35249,Yoshitoshi ABe,Illustrator
35249,Tatsuhiko Takimoto,Writer
35249,Thanh Nhân,Translator
30743,Naoki Urasawa,Mangaka
30743,Marc Bernabé,Translator
30743,Akemi Wegmüller,Translator
30743,Verónica Calafell,Translator
30610,Yoshiki Nakamura,Mangaka
30610,Tomo Kimura,Translator
30610,Antje Bockel,Translator
30610,My Bergström,Translator
138711,Tomo Serizawa,Mangaka
138711,Christine Dashiell,Translator
138711,J. Agustín Izquierdo,Translator
138711,Fangxin Zhang,Translator
138711,Ao,Translator
138711,Lena Atanassova,Editor
117853,Mei Hachimoku ,Writer
117853,Kukka,Illustrator
117853,J. Sajiko,Translator
117853,Evan Ward,Translator
78347,Tomo Takeuchi,Mangaka
78347,Karen McGillicuddy,Translator
78347,Ryoko Akiyama,Translator
78347,Kévin Druelle,Letterer
78347,Alèxia Miravet,Translator
78347,Mingshan Guo,Translator
67755,Shuuichi Asou,Mangaka
67755,Kizuku Watanabe,Mangaka
67755,Masahiro Hirakata,Mangaka
67755,Tatsuhiko Katayama,Producer
67755,Tanpopo Team,Translator
67755,Ryousuke Yoritomi,Producer
67755,Yujiro Hattori,Magazine Editor
32895,Makoto Isshiki,Mangaka
30043,Riichirou Inagaki,Mangaka
30043,Yuusuke Murata,Mangaka
30043,Yoshiyuki Nishi,Mangaka
30043,Yuuichi Itakura,Not Recorded
30043,Yukinori Kawaguchi,Mangaka
30043,Masaru Miyokawa,Mangaka
30043,Ryousuke Takeuchi,Writer
30043,Ryousuke Takeuchi,Mangaka
30043,Yuuya Ogura,Not Recorded
30043,Kouhei Fujino,Not Recorded
30043,Kentarou Kurimoto,Not Recorded
30043,Eiji Masuda,Mangaka
30043,Daisuke Oikawa,Not Recorded
30043,Yuuki Nakashima,Not Recorded
30043,Yuu Saitou,Magazine Editor
30043,Gareki Yamada,Not Recorded
30043,Tatsunosuke Sonoda,Mangaka
30043,Akira Tanaka,Mangaka
30043,Naoji Morimoto,Mangaka
30043,Takanori Asada,Magazine Editor
30043,Kinichi Yamada,Writer
30043,Kinichi Yamada,Mangaka
30043,Hitoshi Koike,Producer
30043,Souichi Aida,Not Recorded
30010,CLAMP,Mangaka
30010,William Flanagan,Translator
30010,Fédoua Lamodière,Translator
30010,Alex Pilot,Not Recorded
30010,Suzuka Asaoka,Translator
30010,Luiz Kobayashi,Translator
30010,Magnus Johansson,Translator
30010,Marcelo Del Greco,Editor
30010,Marcelo Del Greco,Translator
143003,Godago,Mangaka
143003,Chae-Eun,Writer
111258,Aki Hamaji,Mangaka
111258,Aki Hamaji,Illustrator
111258,John Neal,Translator
111258,Chiho Christie,Letterer
111258,Célia Chinarro,Translator
111258,Mickaël Ponsard,Letterer
111258,Aleksandra Stawska,Translator
104677,seri,Writer
104677,Biwan,Not Recorded
104677,Angeline Loudieres,Translator
104677,Zuzanna Olszewska,Translator
104533,Nam-Su,Mangaka
104533,Nam-Su,Artist
87262,Tappei Nagatsuki,Writer
87262,Shinichirou Ootsuka,Illustrator
87262,Shinichirou Ootsuka,Designer
87262,Kevin Steinbach,Translator
87262,Gabriela Takahashi,Translator
85734,Tan Jiu,Mangaka
63031,Haro Aso,Mangaka
63031,Torarika,Translator
63031,Lasse Christiansen,Translator
63031,Aleksandra Stawska,Translator
33285,Kouji Mori,Mangaka
30443,Fuyumi Souryou,Mangaka
153007,Caleb Cook,Translator
153007,Mozuku Sora,Writer
153007,Higoro Toumori,Mangaka
153007,David Le Quere,Translator
153007,Clair Obscur,Not Recorded
145162,Hajime Kamoshida,Writer
145162,Hajime Kamoshida,Scriptwriter
145162,Keiji Mizoguchi,Illustrator
145162,Andrew Cunningham,Translator
145162,Kasomphan Haruna,Not Recorded
123126,Kafka Asagiri,Mangaka
123126,Kafka Asagiri,Writer
123126,Kafka Asagiri,Scriptwriter
123126,Harukawa35,Mangaka
123126,Matthew Rutsohn,Translator
100094,Sadaji Koike,Mangaka
58393,Yuki Kodama,Mangaka
58393,Marc Bernabé,Translator
58393,Patrick Honnoré,Translator
58393,Ryouko Sekiguchi,Translator
58393,Hinoko,Not Recorded
40884,Yuuji Terajima,Mangaka
40884,Reiji Miyajima,Mangaka
40884,Abby Lehrke,Translator
40884,Devon Corwin,Translator
40884,Thea Willis,Letterer
40884,Allen Berry,Not Recorded
31111,Osamu Tezuka,Mangaka
31111,Osamu Tezuka,Director
31111,Osamu Tezuka,Animator
31111,Maya Rosewood,Not Recorded
31111,Marc Bernabé,Translator
31111,Drik Sada,Translator
31111,Lilian Matsunaga,Not Recorded
31111,John Schmitt-Weigand,Translator
31111,Verónica Calafell,Translator
31111,Jacques Lalloz,Translator
31111,Sylviane Guyader,Translator
31111,Marcelo Del Greco,Editor
31111,Marcelo Del Greco,Translator
30085,Kiyohiko Azuma,Mangaka
30085,Stephen Paul,Translator
30085,Fabio Sakuda,Translator
30085,Marcus Wehner,Translator
30022,Eiichirou Oda,Mangaka
30022,Nobuhiro Watsuki,Mangaka
30022,Hiroyuki Takei,Mangaka
30022,Shinya Suzuki,Mangaka
30022,Mikio Itou,Mangaka
30022,Gin Shinga,Mangaka
30022,Marc Bernabé,Translator
30022,Hisashi Sasaki,Magazine Editor
30022,Bakayaro!,Letterer
30022,Cassius Medaur,Editor
30022,Cassius Medaur,Translator
30022,Marcelo Del Greco,Editor
30022,Marcelo Del Greco,Translator
30022,Olivier Prézeau,Translator
30022,Wako Miyamoto,Translator
30022,Vincent Léone,Not Recorded
114328,Yuki Fumino,Mangaka
114328,Stephen Kohler,Translator
114328,Katarzyna Nishioka,Translator
114328,Do Nguyen,Translator
97701,Yuki Andou,Mangaka
97701,Aline Kukor,Translator
97701,Erwan Charlès,Letterer
96019,NISIOISIN,Writer
96019,VOFAN,Artist
55096,Hiromu Arakawa,Mangaka
55096,Amanda Haley,Translator
55096,Edoardo Serino,Not Recorded
55096,Abigail Blackman,Letterer
55096,Marta Gallego,Translator
55096,Ángel-Manuel Ybáñez,Translator
55096,Nicole Ng,Touch-up Artist
55096,Nicole Ng,Letterer
55096,Troy Toh,Translator
55096,Marcelo Del Greco,Editor
55096,Marcelo Del Greco,Translator
53571,Taiyou Matsumoto,Mangaka
53571,Michael Arias,Not Recorded
53571,Thibaud Desbief,Translator
53571,Arnaldo Oka,Translator
53571,Olinda Cordukes,Translator
53571,Martin Gericke,Translator
36164,Sumomo Yumeka,Mangaka
36164,Uri Valverde,Translator
30401,Hitoshi Iwaaki,Mangaka
30401,Marc Bernabé,Translator
30401,Andrew Cunningham,Translator
30401,Drik Sada,Translator
30401,Burkhard Höfler,Translator
30401,Monica Rossi,Not Recorded
30401,AnHD,Translator
30401,Justyna Harasimiuk-Latoś,Translator
30401,Cassius Medaur,Editor
30401,Cassius Medaur,Translator
175946,Hanjung Worya,Writer
175946,Mad Bird,Writer
175946,Tae-Hyeong Kim,Artist
143749,NISIOISIN,Writer
143749,VOFAN,Artist
143749,Ko Ransom,Translator
120980,Geobalhan,Mangaka
120980,Geobalhan,Writer
120980,Gang-Bul-Goe Geum,Artist
120980,Hanjung Worya,Writer
120980,Alexandra Dickmann,Translator
100932,Lily,Mangaka
97216,Chika Toujou,Not Recorded
97216,Carlo Zen,Writer
97216,Carlo Zen,Scriptwriter
97216,Shinobu Shinotsuki,Not Recorded
97216,Carlos Mingo,Translator
97216,Emily Balistrieri,Not Recorded
97216,Bianca Pistillo,Letterer
97216,Rochelle Gancio,Letterer
97216,Erika Abreu,Translator
97216,Irene Telleria,Translator
97216,KURI,Illustrator
97216,Chaiyapruh Wutiboonwatana,Translator
97216,Bodin Phonwilawan,Translator
97216,Yi Qi,Translator
97216,Diógenes Dih,Editor
97216,Diógenes Dih,Letterer
85617,Kanna Kii,Mangaka
85617,Aline Kukor,Translator
85617,Jocelyne Allen,Translator
85617,Anna Koike,Translator
85617,Hoang Anh,Translator
38967,Takuma Yokota,Mangaka
38967,Katsura Ise,Writer
37519,Tamiki Wakaki,Mangaka
31414,Kenta Shinohara,Mangaka
31414,Yoshikazu Amami,Mangaka
31414,Tanpopo Team,Translator
31414,Mokey King,Translator
31414,Trang Nguyễn,Translator
30915,Kenji Nagatomo,Not Recorded
30915,Masanori Morita,Mangaka
30915,Kouhei Oonishi,Producer
30915,Tatsunosuke Sonoda,Mangaka
30915,Akira Tanaka,Mangaka
30915,Fumihiko Oota,Not Recorded
30915,Yuuto Onofusa,Editor
30915,Hideto Azuma,Not Recorded
30915,Hisao Shimada,Producer
30915,Shinya Iida,Mangaka
30915,Masaakira Masuda,Not Recorded
30915,Hidetomo Komaki,Artist
30915,Satou Atsuhiro,Background Artist
30915,Satoshi Tashima,Background Artist
30915,Satoshi Tashima,Illustrator
30915,Akira Ootake,Mangaka
30915,Akira Ootake,Illustrator
30915,Hiroki Oomura,Illustrator
30915,Hiroki Oomura,Mangaka
30704,Yasuhiro Nightow,Not Recorded
30704,Marc Bernabé,Translator
160455,Roji,Mangaka
124139,Uoto,Mangaka
124139,Shuuhei Chiyoda,Not Recorded
124139,Daniel Komen,Translator
124139,Phil Christie,Letterer
124139,Wojciech Gęszczak,Translator
97204,Kafka Asagiri,Mangaka
97204,Kafka Asagiri,Writer
97204,Kafka Asagiri,Scriptwriter
97204,Harukawa35,Mangaka
97204,Matthew Rutsohn,Translator
54692,Adachitoka,Mangaka
54692,Alethea Nibley,Translator
54692,Lys Blakeslee,Letterer
54692,Beth Kodama,Translator
54692,Beth Kodama,Illustrator
54692,Beth Kodama,Writer
54692,Athena Nibley,Translator
54692,Luciane Yasawa,Translator
54692,Ili Tenjou,Translator
54692,Diógenes Dih,Editor
54692,Diógenes Dih,Letterer
34625,Baku Yumemakura,Writer
34625,Jirou Taniguchi,Mangaka
34625,Kumar Sivasubramanian,Translator
34625,Víctor Illera,Translator
34625,Sylvain Chollet,Translator
34625,Tsuwame Rebiersch,Not Recorded
34625,Resel Rebiersch,Not Recorded
33009,Hirohiko Araki,Mangaka
33009,Kazuya Fujisawa,Not Recorded
33009,Tsuyoshi Nakamura,CG Artist
33009,Karen Hayashida,Translator
33009,Beatriz Poszar,Not Recorded
33009,Hideto Azuma,Not Recorded
33009,Pablo Tschopp,Translator
33009,Rae First,Editor
33009,Tomoyuki Shima,Editor
33009,Danilo de Assis,Letterer
30868,Kazurou Inoue,Mangaka
30868,Makoto Raiku,Mangaka
30868,Kazuhiro Fujita,Mangaka
30868,Hiroshi Fukuda,Mangaka
30868,Kaneda Tatsuya,Not Recorded
30868,Yukiwo Katayama,Not Recorded
143720,NISIOISIN,Writer
143720,VOFAN,Artist
143720,Daniel Joseph,Translator
138072,Hirohiko Araki,Mangaka
138072,Masato Shindou,Not Recorded
135276,Muru Imigi,Mangaka
135276,Muru Imigi,Illustrator
135276,Takibi Amamori,Writer
135276,Shijin Chen,Translator
116353,Wu Er Manhua,Not Recorded
116353,Ye Xiao,Writer
116353,Bao Ke Ai,Artist
111593,Wu Yi Ning Si,Not Recorded
111593,EUN,Mangaka
100954,Yeong-Chan Hwang,Artist
100954,Carnby Kim,Writer
98620,Ker,Not Recorded
85143,SIU,Mangaka
31013,Mitsuru Adachi,Mangaka
31013,Emilio Gallego Zambrano,Translator
142320,Ana Caro,Translator
142320,Caleb Cook,Translator
142320,Phil Christie,Letterer
142320,Sakaomi Yuzaki,Mangaka
142320,Blanche Delaborde,Translator
142320,Adween,Not Recorded
103270,Ori Mita,Mangaka
103270,Amber Tamosaitis,Translator
103270,Maite Madinabeitia,Translator
103270,Liên Vũ,Translator
103270,Laura Heo,Letterer
101557,Norio Sakurai,Mangaka
101557,Nan Rymer,Translator
101557,Arbash Mughal,Letterer
101557,Yuuko Fukuda,Not Recorded
101557,Keita Takahashi,Not Recorded
101557,Isabell Struble,Letterer
101176,Umi Sakurai,Not Recorded
101176,Taylor Engel,Translator
101176,Sophie Piauger,Translator
101176,Verena Maser,Translator
101176,Gabriela Takahashi,Translator
101176,Laura García Alarcón,Translator
101176,Anna Wrzesiak,Translator
100994,Tatsuya Endou,Mangaka
100994,Yuuji Kaku,Mangaka
100994,Caleb Cook,Translator
100994,Thibaud Desbief,Translator
100994,Yukinobu Tatsu,Mangaka
100994,Felipe Monte,Translator
100994,Chiara Antonelli,Touch-up Artist
100994,Chiara Antonelli,Letterer
100994,Paolo Gattone,Touch-up Artist
100994,Paolo Gattone,Letterer
100994,Gemma Tarrés,Translator
100994,Christian Ernesto Caccioppoli,Translator
100994,Yeong-Myeong Do,Translator
100994,Shihei Lin,Magazine Editor
100994,Hajime Yamamoto,Mangaka
100994,Yuko Keller,Translator
100994,Alessio Ravazzani,Not Recorded
100991,Shiro Usazaki,Mangaka
100991,Tatsuya Matsuki,Writer
100991,Kouji Miura,Mangaka
100991,Kento Matsuura,Mangaka
100991,Camellia Nieh,Translator
100991,Eve Grandt,Not Recorded
94846,Carlo Zen,Writer
94846,Carlo Zen,Scriptwriter
94846,Shinobu Shinotsuki,Not Recorded
94846,Kevin Steinbach,Translator
94846,Emily Balistrieri,Not Recorded
94846,Richard Tobin,Translator
94846,Thịnh Dương,Translator
94846,Nguyen Pham,Not Recorded
94846,Chan,Translator
94846,Sinh To,Translator
88867,Motoyuki Tanaka,Not Recorded
88867,Naota Machida,Editor
85911,Mikoto Yamaguchi,Writer
85911,Yuuki Satou,Mangaka
85911,Maite Madinabeitia,Translator
85911,Thalia Sutton,Letterer
85911,Thalia Sutton,Editor
85911,Madeleine Jose,Letterer
85316,Inio Asano,Mangaka
85316,Marc Bernabé,Translator
85316,Thibaud Desbief,Translator
85316,Eric Montesinos,Letterer
85316,Eric Montesinos,Touch-up Artist
85316,John Werry,Translator
85316,Morakot,Translator
85316,Nicolas Cardeilhac,Not Recorded
85316,Caio Pacheco,Translator
85316,Wahei Adachi,Mangaka
85316,Tomasz Molski,Translator
85316,Hana Rude,Translator
76282,Takuma Yokota,Mangaka
33042,Masakazu Ishiguro,Mangaka
30735,Rei Hiroe,Mangaka
30735,Nadja Stutterheim,Voice Actor
30735,Nadja Stutterheim,Translator
159212,GreeN,Illustrator
159212,Takumi Hinoura,Writer
159212,Tsukasa Jinmori,Mangaka
146747,Ryukishi07,Writer
146747,Tomohi,Mangaka
146747,Tomohi,Illustrator
127217,Ichika Yuno,Mangaka
127217,Anne Klink,Translator
123118,Kafka Asagiri,Mangaka
123118,Kafka Asagiri,Writer
123118,Kafka Asagiri,Scriptwriter
123118,Harukawa35,Mangaka
123118,Matthew Rutsohn,Translator
114027,Kousei Eguchi,Mangaka
114027,Amber Tamosaitis,Translator
114027,Judit Moreno,Translator
114027,Karolina Dwornik,Translator
114027,Danya Shevchenko,Not Recorded
114027,KOSUKEN,Translator
110803,You Shiina,Illustrator
110803,Miya Kazuki,Writer
110803,Quof,Not Recorded
110803,Kieran Redgewell,Editor
106867,Hajime Inoryu,Writer
106867,Shouta Itou,Mangaka
106867,Jacqueline Fung,Translator
106867,Claudia Peter,Translator
106867,Anna Koike,Translator
104973,Go-Rae,Mangaka
104973,Milcha,Writer
104973,David Odell,Translator
86265,Daromeon,Artist
86265,Daromeon,Mangaka
86265,Yabako Sandrovich,Writer
86265,Hajime Musashino,Mangaka
86265,Ji-Yeon Jang,Translator
86265,Remi Buquet,Translator
37760,Keisuke Itagaki,Mangaka
31075,Yumi Tamura,Mangaka
167422,Osamu Nishi,Mangaka
167422,hiromono,Mangaka
145592,Nagaru Tanigawa,Writer
145592,Noizi Itou,Illustrator
145592,Noizi Itou,Designer
145592,Chris Pai,Translator
122060,Hye Lee,Mangaka
111075,Nyangiwa Hyangsillyo,Writer
111075,ORKA,Artist
111075,Lauren Na,Translator
111075,John Ramirez,Letterer
110605,Mi-Young Noh,Mangaka
110605,Kyung-Tak Lee,Writer
39699,Asumiko Nakamura,Mangaka
39699,Ana Caro,Translator
39699,Jocelyne Allen,Translator
39699,Ray Steeves,Letterer
39699,Delphine Desusclade,Translator
39699,Jiahui Chen,Translator
39548,Ryukishi07,Writer
39548,Hinase Momoyama,Not Recorded
39548,Alethea Nibley,Translator
39548,Athena Nibley,Translator
39548,Katarzyna Podlipska,Translator
34423,Fumi Yoshinaga,Mangaka
34423,Ana Caro,Translator
34423,Miyako Slocombe,Translator
34423,Eric Montesinos,Letterer
34423,Eric Montesinos,Touch-up Artist
34423,Samson Sylvain,Translator
34423,Akemi Wegmüller,Translator
31320,Mou Chan,Not Recorded
30106,CLAMP,Mangaka
30106,Marc Bernabé,Translator
30106,Anita Sengupta,Not Recorded
30106,Carol Fox,Not Recorded
30106,Mika Onishi,Not Recorded
30106,Luiz Kobayashi,Translator
30106,Miriam Tomi,Not Recorded
30106,Verónica Calafell,Translator
30106,Sébastien Douaud,Letterer
30106,Karolina Dwornik,Translator
30106,Valérie Pizzonero,Letterer
30106,Reyda Sedikki,Not Recorded
30106,Marcelo Del Greco,Editor
30106,Marcelo Del Greco,Translator
30106,Zijun Chen,Translator
30029,Ai Yazawa,Mangaka
30029,Maya Rosewood,Not Recorded
30029,Thibaud Desbief,Translator
30029,Misato Raillard,Translator
30029,Eric Montesinos,Letterer
30029,Eric Montesinos,Touch-up Artist
30029,Shirley Kubo,Not Recorded
30029,Anita Sengupta,Not Recorded
30029,Cynthia Thiery,Letterer
30029,Cynthia Thiery,Touch-up Artist
120440,Gi Kang,Mangaka
120440,Lee Jung,Not Recorded
111233,Kotoyama,Mangaka
111233,Xavière Daumarie,Translator
111233,Annaliese Christman,Letterer
111233,Annaliese Christman,Touch-up Artist
111233,Junko Goda,Translator
111233,Sylvie Naddeo-Deloche,Letterer
111233,Dariusz Latoś,Translator
111233,Patryk Skorupa,Translator
111233,Anne Klink,Translator
99923,Gyeong-Chal Han,Mangaka
85162,Suzuhito Yasuda,Illustrator
85162,Suzuhito Yasuda,Mangaka
85162,Suzuhito Yasuda,Writer
85162,Fujino Oomori,Writer
85162,Andrew Gaippe,Translator
78621,Yoshitoki Ooima,Mangaka
48161,NISIOISIN,Writer
48161,Take,Illustrator
44790,Shinobu Ootaka,Mangaka
44790,Yoshifumi Ootera,Mangaka
44790,Akira Sugito,Mangaka
44790,Makoto Akui,Not Recorded
44790,Miho Isshiki,Mangaka
44790,Marc Bernabé,Translator
44790,John Werry,Translator
44790,Steve Dutro,Not Recorded
44790,Edward Kondo,Translator
44790,Erika Huang,Letterer
44790,Satoko Fujimoto,Translator
44790,Marta Gallego,Translator
44790,Katsumasa Ogura,Magazine Editor
44790,Cassius Medaur,Editor
44790,Cassius Medaur,Translator
30661,Kouji Kumeta,Mangaka
30661,MAEDAX,Mangaka
30024,Katsura Hoshino,Mangaka
30024,Akira Akatsuki,Mangaka
30024,Tsuyoshi Watanabe,Not Recorded
30024,Kenichi Kondou,Mangaka
30024,Yuuki Satou,Mangaka
30024,Eri Motomura,Not Recorded
30024,Shuuhei Hosono,Producer
30024,John Werry,Translator
30024,Kouji Yoshida,Magazine Editor
30024,Drik Sada,Translator
30024,Beth Kodama,Translator
30024,Beth Kodama,Illustrator
30024,Beth Kodama,Writer
30024,Erika Abreu,Translator
30024,GB One,Letterer
30024,Sebastien Bigini,Translator
30024,Ayako Koike,Translator
30024,Gyeong-Hwa O,Translator
30024,Gabriela Kato,Letterer
30024,Fangxin Zhang,Translator
30024,Junichi Tamada,Producer
30024,Nathalia Ferreyra,Translator
30024,Seijirou Nakaji,Editor
30024,Nichou-me no Mama,Mangaka
146238,Hiyori Asahikawa,Illustrator
146238,Gin Shirakawa,Mangaka
146238,Eiko Mutsuhana,Writer
146238,Roland Amago,Letterer
146238,Esther Sun,Translator
146238,Lucie Ternisien,Not Recorded
143099,Kkomak,Mangaka
143099,Jeonhuchi,Writer
143099,Meong,Painter
120535,Ryousuke Nanasaki,Writer
120535,Yoshi Tsukizuki,Mangaka
120535,Amber Tamosaitis,Translator
120535,Nicole Roderick,Letterer
120535,Luis Alis Ferrer,Translator
120535,Dominika Bieńkowska,Translator
104780,Shiori Amase,Mangaka
104780,Hongyu Xiao,Translator
98689,Ji-Yeong Kang,Artist
98689,Haga,Mangaka
73921,Reki Kawahara,Writer
73921,BUNBUN,Illustrator
73921,Stephen Paul,Translator
73921,Anna Piechowiak,Translator
72001,Da Xia,Mangaka
66131,Type-Moon,Not Recorded
66131,Hiroshi Hiroyama,Mangaka
66131,Hiroshi Hiroyama,Artist
58449,Kou Yoneda,Mangaka
58449,Ana Caro,Translator
58449,Anna Piechowiak,Translator
47910,Osamu Mizutani,Not Recorded
47910,Seiki Tsuchida,Mangaka
47910,Marie-Saskia Raynal,Translator
47910,Ryouko Sekiguchi,Translator
46816,Ryougo Narita,Writer
46816,Suzuhito Yasuda,Illustrator
46816,Suzuhito Yasuda,Mangaka
46816,Suzuhito Yasuda,Writer
46816,Stephen Paul,Translator
46816,Tomasz Molski,Translator
39711,Takeshi Obata,Mangaka
39711,Tsugumi Ooba,Writer
39711,Kengo Monji,Producer
39711,Marc Bernabé,Translator
39711,Thibaud Desbief,Translator
39711,Edward Kondo,Translator
39711,Karolina Dwornik,Translator
39711,Agnieszka Zychma,Translator
39711,Aleksandra Kulińska,Translator
39711,Souichi Aida,Not Recorded
38070,Satoshi Mizukami,Mangaka
38070,Lena Atanassova,Editor
38070,Massiel Gutierrez,Translator
172619,Korita,Writer
172619,Green Kyrin,Manhwa Studio
165881,NISIOISIN,Writer
165881,VOFAN,Artist
147972,Haruichi Furudate,Mangaka
141013,Nyangiwa Hyangsillyo,Writer
141013,Si-Ru,Writer
141013,Si-Ru,Artist
141013,Tteok,Artist
141013,Jjondik,Background Artist
141013,Victoria Spens,Translator
141013,Julie Vasetto,Not Recorded
112484,Meguru Hinohara,Mangaka
107462,Izumo Itou,Mangaka
107462,Izumo Itou,Illustrator
107462,Jenny McKeon,Translator
107462,Laura Heo,Letterer
107462,Rai Enril,Letterer
87232,Masashi Kishimoto,Mangaka
87232,Takashi Yano,Not Recorded
87232,Shin Towada,Writer
87232,Shin Towada,Mangaka
54705,Shuuzou Oshimi,Mangaka
54705,Marc Bernabé,Translator
54705,Thibaud Desbief,Translator
54705,Michał Chodkowski,Translator
54705,Jingyao Huang,Translator
46922,Hari Tokeino,Mangaka
37776,Kazuma Kamachi,Writer
37776,Kiyotaka Haimura,Illustrator
37776,Motoi Fuyukawa,Mangaka
37776,Nan Rymer,Translator
37776,Bambi Eloriaga-Amago,Letterer
37776,Roland Amago,Letterer
37776,Rodolphe Gicquel,Translator
37776,Tono Kinji,Translator
31014,Mitsuru Adachi,Mangaka
155471,Eonni,Artist
155471,Rebecca Sze,Letterer
155471,AH Cho,Translator
132182,Genki Ono,Mangaka
132182,Kouji Miura,Mangaka
132182,Yui Okino,Mangaka
132182,Aki Hinohara,Mangaka
132182,Christine Dashiell,Translator
132182,Mark McMurray,Letterer
132182,Antje Bockel,Translator
132182,Shaoren Zhang,Translator
132182,Michał Chodkowski,Translator
132182,Lucas dos Santos Cabral,Translator
113350,Liu Zang Tang,Artist
113350,ShuiBian Jing,Not Recorded
33866,Yana Toboso,Mangaka
33866,Yana Toboso,Illustrator
33866,Tomo Kimura,Translator
33866,Tania Biswas,Touch-up Artist
33866,Tania Biswas,Letterer
33866,Pascale Simon,Translator
33866,Eric Montesinos,Letterer
33866,Eric Montesinos,Touch-up Artist
33866,Marta Gallego,Translator
33866,Erika Abreu,Translator
33866,Cynthia Lacroix,Not Recorded
33866,Bruno Zago,Editor
32921,Hiro Fujiwara,Mangaka
32921,Alethea Nibley,Translator
32921,Paweł Dybała,Translator
32921,Athena Nibley,Translator
32921,Hirofumi Yamada,Translator
30375,Shuuichi Shigeno,Mangaka
30375,Rose Padgett,Translator
30375,Dominika Krupczak,Translator
146656,Deulsoom,Not Recorded
146656,Coin Lee,Writer
144866,Takamasa Moue,Mangaka
144866,Stephen Paul,Translator
144866,Géraldine Oudin,Translator
144866,Snir Aharon,Not Recorded
144866,Yuuki Suenaga,Writer
144866,Shouichi Usui,Mangaka
144866,Kikuhiko Hayashiya,Not Recorded
144866,Nuria Cimas Pita,Translator
144866,Zhichang Lin,Translator
144866,Seisuke Araki,Not Recorded
125167,Jeosuri ,Writer
125167,Angy,Artist
125167,Jessica Walther,Translator
105332,Kintetsu Yamada,Mangaka
105332,Eric Montesinos,Letterer
105332,Eric Montesinos,Touch-up Artist
105332,Matt Treyvaud,Translator
105332,Sara Linsley,Letterer
105332,Rodolphe Gicquel,Translator
98416,Riichirou Inagaki,Mangaka
98416,Boichi,Mangaka
98416,Caleb Cook,Translator
98416,Kurare,Not Recorded
98416,Djamel Rabahi,Translator
98416,Karine Rupp-Stanko,Translator
98416,Agnieszka Zychma,Translator
98416,Favereau Julien,Translator
98416,Diógenes Dih,Editor
98416,Diógenes Dih,Letterer
85165,Shinichi Sakamoto,Mangaka
85165,Kaworu Ooshima,Not Recorded
85165,Marc Bernabé,Translator
85165,Lídia Ivasa,Translator
85165,Masakatsu Adachi,Historian
85165,Yuuji Nakamura,Mangaka
85165,Siyu Lai,Translator
85165,Keisuke Tsunashima,Magazine Editor
85165,Shuhei Makura,Mangaka
38652,Moto Hagio,Mangaka
31469,Suzue Miuchi,Mangaka
30149,Tsutomu Nihei,Mangaka
30149,Marc Bernabé,Translator
30149,Paweł Dybała,Translator
30149,Giacomo Calorio,Translator
30149,Yohan Leclerc,Translator
30149,Melissa Tanaka,Translator
30149,Denis Kimura,Translator
145166,Hajime Kamoshida,Writer
145166,Hajime Kamoshida,Scriptwriter
145166,Keiji Mizoguchi,Illustrator
145166,Andrew Cunningham,Translator
124639,Shikke,Mangaka
124639,Valentina Casetta,Not Recorded
124639,Casper Kazor,Translator
122063,Ryousuke Fuji,Mangaka
122063,Katarina,Writer
122063,Kevin Gifford,Translator
122063,Jan Ivan Concepcion,Not Recorded
114003,Battan,Mangaka
114003,Tom Bertrand,Letterer
114003,Blanche Delaborde,Translator
114003,Anne Klink,Translator
112709,Tite Kubo,Mangaka
112709,Ryougo Narita,Writer
112709,Jan Cash,Translator
109501,Mashiro,Mangaka
99757,Kotoba Inoya,Mangaka
99757,Tarou Tsubaki,Mangaka
99757,Hiromu Kitano,Mangaka
99757,Hiromu Kitano,CG Artist
86279,Yousuke Kaneda,Mangaka
86279,Amanda Haley,Translator
86279,James Dashiell,Letterer
86279,Anne-Sophie Thevenon,Translator
86279,Sihan Jiang,Translator
85435,Kore Yamazaki,Mangaka
85435,Kyouhei Shinpuku,Not Recorded
85435,Adrienne Beck,Translator
85435,Lys Blakeslee,Letterer
85435,Arnaldo Oka,Translator
85435,Sandra Nogués Graell,Translator
85435,Rachel Pierce,Letterer
85435,Anna Křivánková,Translator
85435,Dariusz Latoś,Translator
85435,Paulina Ślusarczyk-Bryła,Translator
78399,Yuu Kamiya,Mangaka
78399,Yuu Kamiya,Illustrator
78399,Daniel Komen,Translator
78399,Thiago Nojiri,Translator
78399,Richard Tobin,Translator
78399,Michał Sałatkiewicz,Translator
78399,Aleksandra Kulińska,Translator
78399,Mari Ann,Translator
78399,Krzysztof Jurewicz,Translator
78399,Joanna Szmytkowska,Translator
78399,Daniel Trzeciak,Translator
78399,Ewa Wachol,Translator
69883,Yuusei Matsui,Mangaka
69883,Marc Bernabé,Translator
69883,Eric Montesinos,Letterer
69883,Eric Montesinos,Touch-up Artist
69883,Lídia Ivasa,Translator
69883,Frederic Malet,Translator
69883,Cynthia Thiery,Letterer
69883,Cynthia Thiery,Touch-up Artist
69883,Takamasa Morii,Mangaka
69883,Ukato Mai,Translator
69883,Taichi Yokoyama,CG Artist
69883,Anna Piechowiak,Translator
69883,Bruno Zago,Editor
69883,Diógenes Dih,Editor
69883,Diógenes Dih,Letterer
69883,Jens Ossa,Translator
69883,Shu Murakoshi,Magazine Editor
52651,Jin-Hwan Park,Artist
52651,Geuk-Jin Jeon,Writer
40552,Satoshi Mizukami,Mangaka
40552,Priscila Aoyama,Not Recorded
40552,Jocelyne Allen,Translator
40552,Lys Blakeslee,Letterer
40552,Luiz Kobayashi,Translator
40552,Nicolas Pujol,Translator
40552,Cassius Medaur,Editor
40552,Cassius Medaur,Translator
32924,Hitoshi Iwaaki,Mangaka
31600,Osamu Tezuka,Mangaka
31600,Osamu Tezuka,Director
31600,Osamu Tezuka,Animator
31600,Buichi Terasawa,Mangaka
31600,Mitsuru Miura,Mangaka
31600,Kenichi Kotani,Mangaka
31600,Mako Takami,Mangaka
31600,Mitsutoshi Furuya,Mangaka
31600,Toshio Ban,Artist
31600,Toshio Ban,Assistant
31600,Toshio Ban,Editor
31600,Sadao Tsukioka,Animator
31600,Sadao Tsukioka,Writer
31600,Maya Rosewood,Not Recorded
31600,Jun Watabe,Mangaka
31600,Kei Ishizaka,Not Recorded
31600,Marc Bernabé,Translator
31600,Camellia Nieh,Translator
31600,Kate Robinson,Translator
30768,Yukito Kishiro,Mangaka
30768,Marc Bernabé,Translator
30768,Stephen Paul,Translator
30768,Paweł Dybała,Translator
30768,Arnaldo Oka,Translator
30768,Rafał Rzepka,Translator
30768,Cassius Medaur,Editor
30768,Cassius Medaur,Translator
30768,Marcelo Del Greco,Editor
30768,Marcelo Del Greco,Translator
30768,Júlio Moreno,Editor
30583,Norihiro Yagi,Mangaka
30583,Marc Bernabé,Translator
30583,Paweł Dybała,Translator
30583,Drik Sada,Translator
30583,Satoko Fujimoto,Translator
30583,Bakayaro!,Letterer
30583,Anthony Prezman,Translator
30583,Enric Joga,Translator
30419,Tomoko Ninomiya,Mangaka
30419,Jennifer Ward,Translator
30419,David Walsh,Audio Engineer
30419,David Walsh,ADR Director
30419,David Walsh,Translator
30419,Ikoi Hiroe,Translator
30419,Eriko Walsh,Translator
168727,Inuhiko Doronoda,Mangaka
168656,Gi Kang,Mangaka
168656,Ji-Hye U,Writer
129791,Je-Min,Mangaka
129791,Seung-Yeon Jung,Translator
125095,Hmmyongyong,Not Recorded
125095,Aengmon,Artist
125095,Baechubeolle,Assistant
125095,Syu-Ra Lee,Assistant
125095,Stacy Chi,Translator
118269,Wenzhi Lizi,Not Recorded
118269,Ke Ran Bing,Mangaka
118269,Lydia Rachel,Translator
114329,Yuki Fumino,Mangaka
114329,Đan Ngô,Translator
114329,Katarzyna Nishioka,Translator
113981,Type-Moon,Not Recorded
113981,Keikenchi,Mangaka
113981,Ryouji Hirano,Mangaka
106758,Anri Sakano,Mangaka
106758,Touzai,Illustrator
106758,Daisuke Aizawa,Writer
106758,Nathaniel Thrasher,Translator
106758,Phil Christie,Letterer
106758,Lasse Christiansen,Translator
98587,Paru Itagaki,Mangaka
98587,Hikari Sumi,Mangaka
98587,Tomo Kimura,Translator
98587,Marc Bernabé,Translator
98587,Dirce Miyamura,Not Recorded
98587,Anna Koike,Translator
41593,Namori,Mangaka
41593,Namori,Illustrator
41593,Carlo Vanstiphout,Letterer
41593,Elina Ishikawa,Translator
41593,Mengfang Cai,Translator
41593,Ruoqi You,Translator
33731,Inio Asano,Mangaka
33731,Minori Imai,Background Artist
33731,Marc Bernabé,Translator
33731,Thibaud Desbief,Translator
33731,Christine Dashiell,Translator
33731,Drik Sada,Translator
33731,Verónica Calafell,Translator
33731,Shin Oomura,Not Recorded
33731,Pablo Tschopp,Translator
33731,Hernán Dillie,Letterer
33731,Hernán Dillie,Touch-up Artist
33731,Ran Atsumori,Mangaka
33731,Miro,Translator
33731,Buuko,Not Recorded
31262,Yutori Houjou,Mangaka
31262,Ryukishi07,Writer
31262,Alethea Nibley,Translator
31262,Athena Nibley,Translator
31262,Katarzyna Podlipska,Translator
145159,Hajime Kamoshida,Writer
145159,Hajime Kamoshida,Scriptwriter
145159,Keiji Mizoguchi,Illustrator
145159,Andrew Cunningham,Translator
145159,Pawan Karnsomchai,Translator
143840,NISIOISIN,Writer
143840,Take,Illustrator
125828,Tomohiro Iwakura,Mangaka
125828,Yuuto  Suzuki,Mangaka
125828,Yuu Odoriba,Not Recorded
125828,Camellia Nieh,Translator
125828,Yuuto Saezu,Mangaka
125828,Akiko Indei,Translator
125828,Pierre Fernande,Translator
125828,Kento Amemiya,Mangaka
125828,Arbash Mughal,Letterer
125828,Eve Grandt,Not Recorded
125828,Kazuhiko Ookawa,Mangaka
125828,Studio Charon,Not Recorded
125828,Karine Rupp-Stanko,Translator
125828,Dariusz Latoś,Translator
125828,Shun Ayuhara,Mangaka
125828,Tetsu Ookawa,Mangaka
125828,Dominika Bieńkowska,Translator
125828,Seiichi Itou,Mangaka
125828,Martin Gericke,Translator
109398,Hyeon-A Cho,Not Recorded
108946,Yuu Toyota,Mangaka
99140,Kabi Nagata,Mangaka
99140,Jocelyne Allen,Translator
99140,Catherine Bouvier,Letterer
99140,Manon Debienne,Translator
99140,Karis Page,Letterer
99140,Sayaka Okada,Translator
99140,Céline Olive,Not Recorded
99140,Dagny Zawierucha,Translator
85413,Jun Sakura,Not Recorded
35651,Hiroshi Takahashi,Mangaka
35651,Dai Suzuki,Mangaka
35651,Kouichi Nagata,Not Recorded
35651,Eulalia Dolz Pérez,Translator
31695,Osamu Tezuka,Mangaka
31695,Osamu Tezuka,Director
31695,Osamu Tezuka,Animator
31695,Toshio Ban,Artist
31695,Toshio Ban,Assistant
31695,Toshio Ban,Editor
31695,Kumar Sivasubramanian,Translator
31695,Drik Sada,Translator
31695,Arion Lian Wu,Letterer
31695,Bruno Zago,Editor
31297,Akira Nagai,Not Recorded
31297,Tarou Nogizaka,Not Recorded
31297,Marc Bernabé,Translator
30031,Aya Nakahara,Mangaka
30031,Drik Sada,Translator
30031,Raquel Pollán,Translator
30031,Bruno Zago,Editor
170400,Dae-Ui Hong,Writer
170400,Dae-Ui Hong,Mangaka
170400,Juno,Artist
170400,Q10,Writer
163824,San-Chaek Lee,Writer
163824,Seol Arang,Artist
163824,Lego Balbasseo,Writer
163824,Alexandra Dickmann,Translator
156303,Kintetsu Yamada,Mangaka
100355,NISIOISIN,Writer
100355,VOFAN,Artist
100355,Ha Ni Wa,Translator
100109,Kousuke Satake,Mangaka
100109,Anaïs Koechlin,Translator
100109,Hidemi Shiraki,Editor
95821,Kentarou Miura,Mangaka
86481,Toshiya Wakabayashi,Mangaka
31315,Kouhei Kadono,Writer
31315,Kouji Ogata,Illustrator
31315,Andrew Cunningham,Translator
30481,Makoto Yukimura,Mangaka
30481,Marc Bernabé,Translator
30481,Paweł Dybała,Translator
30481,Lídia Ivasa,Translator
30481,Yuki Nakamura,Translator
30481,Alex Santaclara,Not Recorded
30481,Jesse Fernley,Letterer
30481,Jesse Fernley,Touch-up Artist
30481,Vincente Rivera Jr.,Not Recorded
30481,Josef Shanel,Translator
30481,Matthias Wissnet,Not Recorded
30481,Verónica Calafell,Translator
30018,Miho Obana,Mangaka
30009,CLAMP,Mangaka
30009,William Flanagan,Translator
30009,Fédoua Lamodière,Translator
30009,Alex Pilot,Not Recorded
30009,Suzuka Asaoka,Translator
30009,María Ferrer,Translator
30009,María Ferrer,Scriptwriter
30009,Claudia Peter,Translator
30009,Luiz Kobayashi,Translator
30009,Dana Hayward,Letterer
30009,Brigitte Dubois,Letterer
30009,Nicolas Mortier,Not Recorded
153726,Oneulman Saneun Hyeongje,Mangaka
145268,Junji Itou,Mangaka
145268,Jocelyne Allen,Translator
145268,Naomi Kokubo,Translator
145268,Drik Sada,Translator
145268,Gabriela Kato,Letterer
145268,Bruno Zago,Editor
130904,Upi,Not Recorded
108659,Kaya Azuma,Not Recorded
108659,Aline Kukor,Translator
97100,Keishi Ayasato,Writer
97100,Saki Ukai,Artist
97100,Nathaniel Thrasher,Translator
87459,Kabi Nagata,Mangaka
87459,Jocelyne Allen,Translator
87459,Thiago Nojiri,Translator
87459,Catherine Bouvier,Letterer
87459,Manon Debienne,Translator
87459,Nadja Stutterheim,Voice Actor
87459,Nadja Stutterheim,Translator
87459,Karis Page,Letterer
87459,Sayaka Okada,Translator
87459,Sara Manasterska,Translator
87459,Peiyi He,Translator
86720,Nanaki Nanao,Mangaka
86720,David Evelyn,Translator
86365,Ao Juumonji,Writer
86365,Eiri Shirai,Illustrator
86365,Sean McCann,Translator
86365,Ly Nguyen,Translator
86365,Duc Ho,Translator
86365,Jenn Grunigen,Not Recorded
86365,Emily Sorensen,Not Recorded
78025,Shinobu Ootaka,Mangaka
78025,Yoshifumi Ootera,Mangaka
69325,Kei Sanbe,Mangaka
69325,Kei Sanbe,Illustrator
69325,Sheldon Drzka,Translator
69325,Denis Kimura,Translator
69325,Abigail Blackman,Letterer
69325,Ernesto Cellie,Translator
69325,Gandalf Bartholomäus,Translator
69325,Chieko Toba,Translator
69325,Ngân Kim,Translator
34453,Satoko Kiyuzuki,Not Recorded
34453,Sheldon Drzka,Translator
34453,Lys Blakeslee,Letterer
33574,Nobuyuki Fukumoto,Mangaka
31263,Karin Suzuragi,Mangaka
31263,Karin Suzuragi,Illustrator
31263,Ryukishi07,Writer
31263,Alethea Nibley,Translator
31263,Athena Nibley,Translator
31263,Katarzyna Podlipska,Translator
30320,Tachibana Higuchi,Mangaka
30320,Alethea Nibley,Translator
30320,Maite Madinabeitia,Translator
30320,Athena Nibley,Translator
30320,Sandra Ruiz,Translator
30320,Helena Peris,Translator
144946,Shintarou Kawakubo,Producer
144946,Alethea Nibley,Translator
144946,Felipe Monte,Translator
144946,James Dashiell,Letterer
144946,Nathalie Lejeune,Translator
144946,Kei Urana,Mangaka
144946,Hachibee,Mangaka
144946,Hideyoshi Andou,Artist
144946,Patryk Skorupa,Translator
144946,Kuusuke,Mangaka
144946,Kazuki Ishihara,Mangaka
143721,NISIOISIN,Writer
143721,VOFAN,Artist
143721,Daniel Joseph,Translator
138363,Latine,Writer
138363,Ttona,Mangaka
138196,Chada,Illustrator
138196,Flona,Writer
129210,Hye-Yeon Chu,Artist
129210,Hye-Yeon Chu,Mangaka
129210,Kin,Not Recorded
129210,Yoreumppit,Not Recorded
129210,Mongdang,Writer
128642,945,Mangaka
128642,Karis Page,Letterer
128642,Su-a Min,Translator
110159,Keita Yatera,Mangaka
47552,Atto,Mangaka
47552,Hijiki,Mangaka
47552,Borupikka,Not Recorded
47552,Jocelyne Allen,Translator
47552,Alexandra Gunawan,Letterer
44720,Kotetsuko Yamamoto,Mangaka
44720,Kat Skarbinec,Translator
44720,Maja Krzycka,Translator
41734,Sumomo Yumeka,Mangaka
41734,Ji-Young Gong,Writer
31032,F. Fujio Fujiko,Mangaka
31032,Misato Raillard,Translator
31032,Rui Hachuu,Mangaka
30838,Norihiro Yagi,Mangaka
30838,Akihisa Ikeda,Mangaka
30838,Takahiro Habuta,Editor
147149,Jinushi,Mangaka
147149,Martin Bachernegg,Translator
147149,Zuzanna Sobkowicz,Translator
141756,Ciwei Mao Yuedu,Not Recorded
141756,Can Ye,Writer
141756,Chi Se,Not Recorded
141756,Duan S,Not Recorded
103807,Isanami,Mangaka
102989,Yasuki Tanaka,Mangaka
102989,Jocelyne Allen,Translator
102989,Phil Christie,Letterer
102989,Gemma Tarrés,Translator
102989,Jeannie Lee,Letterer
102989,Janice Leung,Letterer
102989,Karolina Dwornik,Translator
101517,Shiro Usazaki,Mangaka
101517,Gege Akutami,Mangaka
101517,Mizuki Yoda,Mangaka
101517,Tatsuhiko Katayama,Producer
101517,Carlos Mingo,Translator
101517,John Werry,Translator
101517,Fédoua Lamodière,Translator
101517,Snir Aharon,Not Recorded
101517,Irene Telleria,Translator
101517,Jeong-Un Lee,Translator
101517,Junya Fukuda,Not Recorded
101517,Stefan Koza,Translator
101517,Vũ trụ 19,Translator
101517,Liên Vũ,Translator
101517,Asobihito,Not Recorded
101517,Lerluck Weerawutthigrai,Translator
101517,Wojciech Gęszczak,Translator
101517,Yuufoo Gakuji,Mangaka
101517,Lightning,Translator
93006,Gengoroh Tagame,Mangaka
93006,Marc Bernabé,Translator
93006,Caio Suzuki,Translator
93006,Bruno Pham,Translator
93006,Sakura Ilgert,Translator
93006,Bom Kim,Translator
93006,Anne Ishii,Translator
93006,Anna Koike,Translator
93006,Paulina Tuczapska,Translator
93006,Tingyu Huang,Translator
87401,Kafka Asagiri,Mangaka
87401,Kafka Asagiri,Writer
87401,Kafka Asagiri,Scriptwriter
87401,Harukawa35,Mangaka
87401,Neco Kanai,Not Recorded
87401,Kevin Gifford,Translator
87401,Bianca Pistillo,Letterer
72867,Jin,Writer
72867,Jin,Musician
72867,Jin,Composer
72867,Sidu,Not Recorded
72867,Kevin Gifford,Translator
44568,Tetsuhiro Hirakawa,Not Recorded
44236,Kaede Kouchi,Mangaka
33064,Hideki Arai,Mangaka
30908,Yoshiki Tonogai,Mangaka
30908,Takuji Katou,Mangaka
30908,Atsushi Ookubo,Mangaka
30908,Takatoshi Shiozawa,Mangaka
30908,Maru Tomoyuki,Not Recorded
30908,Mikoto Yamaguchi,Writer
30908,Tomoo Yokoyama,Mangaka
30908,Ryousuke Asakura,Mangaka
30908,Yuusuke Shirato,Not Recorded
30908,Leonardo Camargo,Voice Actor
30908,Kanna,Not Recorded
30908,Stephen Paul,Translator
30908,Amy Forsyth,Translator
30908,Paweł Dybała,Translator
30908,Claudia Peter,Translator
30908,Luiz Kobayashi,Translator
30908,Alexis Eckerman,Letterer
30908,Abigail Blackman,Letterer
30908,Ángel-Manuel Ybáñez,Translator
30908,Simona Stanzani,Translator
30908,Kamome Mukojima,Mangaka
30908,Jack Wiedrick,Translator
30908,Cassius Medaur,Editor
30908,Cassius Medaur,Translator
30729,Kaoru Mori,Mangaka
30729,Sheldon Drzka,Translator
30729,Abigail Blackman,Letterer
30729,Eve Chauviré,Translator
30729,Marta Gallego,Translator
30729,Janice Chiang,Letterer
30729,Nacha Medrano,Translator
30729,Tatsuji Ohikata,Translator
30729,Cora Hartwig,Translator
30729,Simon Hammar,Translator
30445,Rando Ayamine,Mangaka
30445,Tooru Fujisawa,Mangaka
30445,Dynamic Tarou,Not Recorded
30445,Ko Ransom,Translator
30445,Takayuki Hirasawa,Mangaka
143764,NISIOISIN,Writer
143764,VOFAN,Artist
131769,Syurinel,Writer
131769,QRQ,Artist
96754,Sana Kirioka,Mangaka
86579,Kiri Wazawa,Mangaka
86579,Kaitlyn Wiley,Letterer
86579,Mikka Stifler,Translator
86579,Liên Vũ,Translator
79865,Gamon Sakurai,Mangaka
79865,Tsuina Miura,Not Recorded
79865,Marc Bernabé,Translator
79865,Ko Ransom,Translator
79865,Beth Kodama,Translator
79865,Beth Kodama,Illustrator
79865,Beth Kodama,Writer
79865,Gabriela Yuki,Not Recorded
79865,Jae Hw,Translator
79865,Joel Dias,Letterer
79865,Alp İlkkurşun,Translator
79865,İlke Güntan,Translator
79865,Muhammet Tekin,Translator
79865,Hilal Kartal,Translator
79865,Karine Rupp-Stanko,Translator
79865,Licheng Wu,Translator
79865,Bruno Zago,Editor
79865,Diógenes Dih,Editor
79865,Diógenes Dih,Letterer
79865,Luciane Yasawa,Translator
79865,Beatriz Bevilacqua,Editor
70761,Mamoru Hosoda,Director
70761,Yuu,Mangaka
70761,Marc Bernabé,Translator
70761,Jocelyne Allen,Translator
70761,Lys Blakeslee,Letterer
43271,Natsume Ono,Mangaka
43271,Joe Yamazaki,Translator
43271,Burcu Atalay,Translator
38586,Jin-Hwan Park,Artist
38586,Geuk-Jin Jeon,Writer
30053,Yoshihiro Togashi,Mangaka
30053,Priscila Aoyama,Not Recorded
30053,Kunio Ajino,Not Recorded
30053,Hideaki Togashi,Not Recorded
30053,Marc Bernabé,Translator
30053,Lillian Olsen,Translator
30053,José Carlos Assumpção,Not Recorded
30053,Arnaldo Oka,Translator
30053,Luiz Kobayashi,Translator
30053,Ricardo Eiji Hirooka,Not Recorded
30053,Agustín Gomez Sanz,Translator
30053,Ili Tenjou,Translator
30053,Anna Piechowiak,Translator
30053,Tomoyuki Shima,Editor
30053,Toshimasa Takahashi,Editor
30053,Cassius Medaur,Editor
30053,Cassius Medaur,Translator
30053,Marcelo Del Greco,Editor
30053,Marcelo Del Greco,Translator
30053,Zhenshu Zheng,Translator
145157,Hajime Kamoshida,Writer
145157,Hajime Kamoshida,Scriptwriter
145157,Keiji Mizoguchi,Illustrator
145157,Andrew Cunningham,Translator
145157,Pawan Karnsomchai,Translator
135083,Jacqueline Fung,Translator
135083,Satoru Nii,Mangaka
135083,Ziling Guo,Translator
135083,Jan-Christoph Müller,Translator
128963,Yeon Lee,Mangaka
126297,YC,Not Recorded
126297,Rakyeon,Artist
125025,Nao Emoto,Artist
125025,Nao Emoto,Mangaka
125025,Seiko Tanabe,Writer
125025,Elena Pizarro Lanzas,Letterer
125025,Lilian Lebrun,Translator
125025,Adèle Houssin,Letterer
125025,Minh Hang,Translator
125025,Martin Bachernegg,Translator
125025,Matthew Rutsohn,Translator
123154,Cocomi,Mangaka
123154,Ryan Parker,Translator
123154,Angélique Mariet,Translator
123154,Anna Schnell,Not Recorded
123154,Anh Bùi,Translator
123154,Nicole Roderick,Letterer
101942,Masakazu Ishiguro,Mangaka
101942,Yohan Leclerc,Translator
101942,Ko Ransom,Translator
101942,Brandon Bovia,Letterer
101942,Hinoko,Not Recorded
101942,Anna Wrzesiak,Translator
99458,Miya Tokokura,Not Recorded
99458,Margot Maillac,Translator
99458,Anne Demars,Letterer
99458,Anna Piechowiak,Translator
97830,Yoshitoki Ooima,Mangaka
97830,Thibaud Desbief,Translator
97830,Steven LeCroy,Not Recorded
97830,Jesús Espí,Translator
97830,Darren Smith,Not Recorded
97830,Cát Tường,Translator
96581,Ichigo Takano,Mangaka
96581,Yui Tokiumi,Writer
79835,Koi,Not Recorded
79835,Giuseppe di Martino,Translator
79835,Rebecca Sze,Letterer
67523,Koushi Tachibana,Writer
67523,Tsunako,Illustrator
67523,Jocelyne Allen,Translator
56144,Yasunobu Yamauchi,Mangaka
31474,Gou Nagai,Mangaka
31474,Marco Franca,Not Recorded
31474,Adrienne Beck,Translator
31474,Zack Davisson,Translator
31474,Thiago Nojiri,Translator
31474,Bambi Eloriaga-Amago,Letterer
31474,Roland Amago,Letterer
31474,Tomasz Molski,Translator
31461,Ryouichi Ikegami,Mangaka
31461,Yoshiyuki Okamura,Writer
31461,Rachel Thorn,Translator
31461,Drik Sada,Translator
31461,Miriam Tomi,Not Recorded
30348,Shimoku Kio,Mangaka
30348,David Ury,Translator
136943,Fujimomo,Mangaka
136943,Misato Raillard,Translator
136943,Qiufeng Zhao,Translator
136943,Anna Copoví Carda,Translator
136943,Anne Klink,Translator
132977,Aki Ueda,Mangaka
107987,Eku Takeshima,Mangaka
107987,Verena Maser,Translator
107987,Jean-François Leyssène,Not Recorded
107987,Xiao Tian Ye,Translator
107987,Karen Guirado,Not Recorded
107987,Aleksandra Stawska,Translator
105469,Gege Akutami,Mangaka
105469,Carlos Mingo,Translator
105469,Fédoua Lamodière,Translator
105469,Snir Aharon,Not Recorded
105469,Irene Telleria,Translator
105469,Jeong-Un Lee,Translator
105469,Stefan Koza,Translator
105469,Wojciech Gęszczak,Translator
101177,Kenjirou Hata,Mangaka
101177,John Werry,Translator
101177,Evan Waldinger,Touch-up Artist
101177,Evan Waldinger,Letterer
101177,Ly Tran,Translator
101177,Etsuko Tabuchi,Translator
101177,Florian Weitschies,Translator
101177,Vanessa Gallon,Not Recorded
98334,KAITO,Mangaka
98334,Nakamaru Nakagawa,Mangaka
98334,Kazu Kakazu,Mangaka
98334,Yuu Miki,Mangaka
98334,Adrienne Beck,Translator
98334,Annaliese Christman,Letterer
98334,Annaliese Christman,Touch-up Artist
98334,Luise Steggewentz,Translator
98334,Simona Stanzani,Translator
98334,Minna Lin,Translator
98334,Dirce Miyamura,Not Recorded
98334,Nesrine Mezouane,Translator
98334,Ukato Mai,Translator
98334,Dariusz Latoś,Translator
98334,Milena Woźniak,Translator
97894,Yomi Hirasaka,Writer
97894,Kantoku,Illustrator
97894,Kevin Gifford,Translator
31668,Shuuhou Sato,Mangaka
31668,Marc Bernabé,Translator
31668,Ken Nagaya,Not Recorded
30731,Hiroki Endo,Mangaka
30731,Kumar Sivasubramanian,Translator
30731,Denis Kimura,Translator
30731,Tomasz Molski,Translator
30731,Zbigniew Kiersnowski,Translator
30731,Cassius Medaur,Editor
30731,Cassius Medaur,Translator
30688,Rumiko Takahashi,Mangaka
30688,Mari Morimoto,Translator
30688,Satoko Fujimoto,Translator
30688,Inori Fukuda Trant,Not Recorded
30688,Matt Treyvaud,Translator
30688,Verónica Calafell,Translator
170399,Tsutomu Nihei,Mangaka
163002,Teku Rin,Mangaka
120385,Zero-BIG,Writer
120385,Cheol-byeok Jang,Not Recorded
110539,Harada,Mangaka
110539,Gandalf Bartholomäus,Translator
110539,Laurie Asin,Translator
110539,Tony Mr P,Not Recorded
109455,AidaIro,Mangaka
109455,Alethea Nibley,Translator
109455,Phil Christie,Letterer
109455,Etsuko Tabuchi,Translator
109455,Florian Weitschies,Translator
101072,Sasami Nitori,Not Recorded
101072,Alethea Nibley,Translator
101072,Athena Nibley,Translator
101072,Bambi Eloriaga-Amago,Letterer
101072,Roland Amago,Letterer
33008,Kei Sanbe,Mangaka
33008,Kei Sanbe,Illustrator
33008,Hirohiko Araki,Mangaka
33008,Wataru Watanabe,Mangaka
33008,Nathan Collins,Not Recorded
33008,Karen Hayashida,Translator
33008,Mark McMurray,Letterer
33008,Hideto Azuma,Not Recorded
33008,Pablo Tschopp,Translator
33008,Hiroshi Sekiya,Not Recorded
33008,Danilo de Assis,Letterer
159142,Oreco Tachibana,Mangaka
159142,Studio Charon,Not Recorded
159142,Richmond T.,Not Recorded
159142,Mathilde Vaillant,Translator
159142,Sanae Morihara,Magazine Editor
159142,Xue Du,Translator
155713,Kafka Asagiri,Mangaka
155713,Kafka Asagiri,Writer
155713,Kafka Asagiri,Scriptwriter
155713,Harukawa35,Mangaka
155713,Shiwasu Hoshikawa,Mangaka
155713,Kevin Gifford,Translator
155713,Bianca Pistillo,Letterer
126268,Hiten,Illustrator
126268,Ghost Mikawa,Writer
126268,Kasomphan Haruna,Not Recorded
126268,Eriko Sugita,Translator
115000,Jeong-Hyeon Kim,Mangaka
115000,Li-Na Lim,Not Recorded
97337,Makoto Shinkai,Director
97337,Masayoshi Tanaka,Animator
97337,Masayoshi Tanaka,Designer
97337,Ranmaru Kotone,Mangaka
97337,Ranmaru Kotone,Illustrator
97337,Taylor Engel,Translator
97337,Karen Hayashida,Translator
97337,Abigail Blackman,Letterer
97337,Salvatore Corallo,Translator
97337,Paula Martinez,Translator
47904,Akiko Higashimura,Mangaka
47904,Benoît Lassailly,Not Recorded
47904,Yuko Kuramatsu,Translator
47904,Carlo Vanstiphout,Letterer
47904,Sarah Lindholm,Translator
47904,Torarika,Translator
30585,Takako Shimura,Mangaka
30585,Rachel Thorn,Translator
183343,Ruu 1mm,Mangaka
164581,Kon Fukaumi,Mangaka
137428,Mei Hachimoku ,Writer
137428,Kukka,Illustrator
137428,Evan Ward,Translator
137304,JP,Writer
137304,Hi Lee,Artist
137304,Jin-Seong Yu,Writer
137304,Ra-Gi Yun,Artist
137304,Ra-Gi Yun,Background Artist
131128,Bong Bong,Mangaka
130158,Ri-Teo Yeong,Writer
130158,Muk-Bu,Artist
130158,Sumnagi,Not Recorded
130158,Dietrich Premier,Letterer
130158,Micah Kim,Translator
105641,Koume Fujichika,Not Recorded
100941,sunkki,Mangaka
100676,Takahiro,Writer
100676,BUNBUN,Illustrator
100676,Aoi Akashiro,Not Recorded
99516,Ichi Ichikawa,Mangaka
98397,Shuuzou Oshimi,Mangaka
98397,Daniel Komen,Translator
98397,Verónica Calafell,Translator
98397,Mengfang Cai,Translator
85296,Aya Kanno,Mangaka
85296,William Shakespeare,Writer
85296,Ana Caro,Translator
85296,Jocelyne Allen,Translator
85296,Clair Obscur,Not Recorded
85296,Jean-Benoît Silvestre,Translator
85296,Weiting Wang,Translator
76258,Chihiro Ishizuka,Mangaka
76258,Shintarou Kawakubo,Producer
76258,Aurélien Estager,Translator
76258,Anne-Sophie Thevenon,Translator
40447,Ken Ishikawa,Mangaka
34571,Sorata Akizuki,Mangaka
34571,Caleb Cook,Translator
34571,Martyna Zdonek,Translator
34571,Thao Aki,Translator
34571,Yuumi Ide,Not Recorded
30895,Shouji Gatou,Writer
30895,Hiroshi Ueda,Not Recorded
30895,Giacomo Calorio,Translator
30649,Yuu Aida,Mangaka
30012,Tite Kubo,Mangaka
30012,Shou Aimoto,Mangaka
30012,Ricardo Cruz,Not Recorded
30012,Kentarou Kurimoto,Not Recorded
30012,Hitoshi Imoto,Not Recorded
30012,Hiroyuki Nakano,Producer
30012,Hiroyuki Nakano,Editor
30012,Marc Bernabé,Translator
30012,Joe Yamazaki,Translator
30012,Christine Dashiell,Translator
30012,Paweł Dybała,Translator
30012,Drik Sada,Translator
30012,Mark McMurray,Letterer
30012,Marta Gallego,Translator
30012,Simona Stanzani,Translator
30012,Dave Lanphear,Touch-up Artist
30012,Dave Lanphear,Letterer
30012,Andy Ristaino,Not Recorded
30012,Evan Waldinger,Touch-up Artist
30012,Evan Waldinger,Letterer
30012,Rafael Morata,Translator
30012,Daniel Büchner,Translator
30012,Verónica Calafell,Translator
30012,Anne-Sophie Thevenon,Translator
30012,Shou Shiromoto,Mangaka
30012,Atsushi Nakazaki,Producer
30012,Tayfun Nitahara Haksöyliyen,Translator
167886,Honey Trap,Writer
167886,ANGELA,Writer
167886,Bijak,Artist
149756,Cakenyam,Mangaka
143704,NISIOISIN,Writer
143704,VOFAN,Artist
143704,Ko Ransom,Translator
123777,Sai Naekawa,Mangaka
123777,Caleb Cook,Translator
123777,Bianca Pistillo,Letterer
123777,Léonore Carrascosa,Translator
102540,Ryukishi07,Writer
102540,Tomohi,Mangaka
102540,Tomohi,Illustrator
101328,Meguru Hinohara,Mangaka
101328,Karolina Dwornik,Translator
98889,Aiko Koyama,Mangaka
98889,Anais Fourny,Translator
96842,Akira Himekawa,Not Recorded
96842,María Ferrer,Translator
96842,María Ferrer,Scriptwriter
85898,Nozomi Uda,Mangaka
85898,Si-Nae Kim,Translator
85898,YukiNeko,Translator
48074,Ken Ishikawa,Mangaka
39546,Masahito Soda,Mangaka
39546,Kuro Toriyama,Not Recorded
39546,Kai Kyou,Letterer
39546,Kevin Gifford,Translator
39546,Salud Campos Blasco,Not Recorded
31741,Hiroshi Takahashi,Mangaka
30705,Type-Moon,Not Recorded
30705,Kinoko Nasu,Writer
30705,Shounen Sasaki,Mangaka
30267,Kouta Hirano,Mangaka
30267,Duane Johnson,Translator
30267,Rafał Rzepka,Translator
30092,Naoko Takeuchi,Mangaka
30092,Alethea Nibley,Translator
30092,Deron Bennett,Letterer
30092,Deron Bennett,Touch-up Artist
30092,William Flanagan,Translator
30092,Mari Morimoto,Translator
30092,Anita Sengupta,Not Recorded
30092,Lys Blakeslee,Letterer
30092,Arnaldo Oka,Translator
30092,Jennifer Skarupa,Letterer
30092,James Dashiell,Letterer
30092,Athena Nibley,Translator
30092,Anne Mallevay,Translator
30092,Aaron Alexovich,Letterer
30092,Steve Wands,Letterer
30092,YUPA,Translator
30092,Giulia Zanu,Letterer
30092,Manuela Capriati,Translator
30092,Noemí Cuevas Rebollo,Translator
30092,Elisa Lodesani,Letterer
30092,Sara Linsley,Letterer
30092,Eran Kameya,Translator
30092,Alessia Mattioli,Letterer
30092,Jesús Espí,Translator
30092,Bakayaro!,Letterer
30092,Rafał Rzepka,Translator
182066,Jin-Seok Park,Artist
182066,Gold Haeng,Writer
180891,Jin-Hwan Park,Artist
180891,JP,Writer
180891,Yeong-Hun Jang,Writer
172729,Eiji Masuda,Mangaka
159977,U35,Illustrator
159977,U35,Mangaka
159977,Usa Haneda,Writer
143724,NISIOISIN,Writer
143724,VOFAN,Artist
143724,Ko Ransom,Translator
143703,NISIOISIN,Writer
143703,VOFAN,Artist
143703,James Balzer,Translator
136320,Mei Hachimoku ,Writer
136320,Kukka,Illustrator
136320,Koudon,Mangaka
136320,Alexa Frank,Translator
136320,Mercedes McGarry,Letterer
136220,Cheong-Dam,Mangaka
111489,Yun-Hui Na,Mangaka
111044,Hijiki,Mangaka
108952,Carnby Kim,Writer
108952,Beomsik Cheon,Artist
108952,Vivien Neumann,Translator
107207,Sachimo,Mangaka
101607,Keigo Shinzo,Mangaka
101607,Aurélien Estager,Translator
101233,Kousuke Oono,Mangaka
101233,Sheldon Drzka,Translator
101233,Amanda Haley,Translator
101233,Gandalf Bartholomäus,Translator
101233,Mokey King,Translator
101233,Trang Nguyễn,Translator
101233,Milena Woźniak,Translator
101233,Paulina Tuczapska,Translator
100758,Junji Itou,Mangaka
100758,Jocelyne Allen,Translator
100758,Naomi Kokubo,Translator
100758,Drik Sada,Translator
100758,Gabriela Kato,Letterer
100758,Bruno Zago,Editor
86044,Gido Amagakure,Mangaka
86044,Gaëlle Ruel,Translator
86044,Lys Blakeslee,Letterer
86044,Carlo Vanstiphout,Letterer
86044,Sandra Nogués Graell,Translator
86044,Clair Obscur,Not Recorded
76010,CLAMP,Mangaka
76010,William Flanagan,Translator
76010,Stephen Paul,Translator
76010,Fédoua Lamodière,Translator
76010,Simirimi,Translator
68105,Hiromi Takashima,Mangaka
68105,Jocelyne Allen,Translator
68105,Mingg,Translator
56736,Taamo,Mangaka
56736,Tania Horowitz,Not Recorded
56736,Abby Lehrke,Translator
56736,Claire Olivier,Translator
37149,Yuyuko Takemiya,Writer
37149,Yasu,Illustrator
37149,Yasu,Mangaka
37149,Jan Cash,Translator
37149,Vincent Castaneda,Not Recorded
37149,Renata Leitão,Translator
143762,NISIOISIN,Writer
143762,VOFAN,Artist
133795,Haemuri,Mangaka
130116,Jaxx,Artist
130116,Chana Conley,Letterer
112524,Shinichi Ishizuka,Not Recorded
112524,Luise Steggewentz,Translator
112524,Ji-Yeon Jang,Translator
112524,Anne-Sophie Thevenon,Translator
108427,Capcom,Not Recorded
108427,Tomio Ogata,Not Recorded
103822,Pibi,Mangaka
103822,Caiqian Wu,Translator
99549,Souichirou Yamamoto,Mangaka
99549,Mifumi Inaba,Mangaka
98071,Sugaru Miaki,Writer
98071,E9L,Not Recorded
97700,Keiichi Arawi,Mangaka
97700,Jenny McKeon,Translator
87020,Aki Irie,Mangaka
87020,David Musto,Translator
87020,Studio Charon,Not Recorded
87020,Cordelia Suzuki,Translator
87020,Florent Gorges,Translator
87020,Alèxia Miravet,Translator
66933,Kazune Kawahara,Mangaka
66933,Aruko,Mangaka
66933,Drik Sada,Translator
66933,Gustavo Figueiredo,Letterer
66933,Hằng Trần,Translator
60315,Shinobu Amano,Mangaka
60315,James Gaubatz,Letterer
60315,Morgan Watchorn,Translator
60315,Cedric Macias,Letterer
60315,M. Jean,Translator
38300,Hikaru Katsuki,Mangaka
38300,Kai Kyou,Letterer
38300,Kevin Gifford,Translator
38300,Salud Campos Blasco,Not Recorded
35655,Daisuke Igarashi,Mangaka
35655,Lídia Ivasa,Translator
31362,Ume Aoki,Mangaka
31362,Sheldon Drzka,Translator
31362,Satsuki Yamashita,Translator
31362,Keiran O'Leary,Letterer
31362,Abigail Blackman,Letterer
31009,Chica Umino,Mangaka
31009,Sabrina Heep,Not Recorded
31009,Akemi Wegmüller,Translator
31009,Enric Joga,Translator
31009,Verónica Blanco,Translator
30027,CLAMP,Mangaka
30027,Lillian Olsen,Translator
30027,José Carlos Assumpção,Not Recorded
30027,Luiz Kobayashi,Translator
30027,Wayne Truman,Not Recorded
30027,Sandra de Lamo,Translator
30027,Annabel Espada,Translator
30027,Marcelo Del Greco,Editor
30027,Marcelo Del Greco,Translator
30020,Takeshi Obata,Mangaka
30020,Yumi Hotta,Mangaka
30020,Kentarou Yabuki,Mangaka
30020,Yuusuke Murata,Mangaka
30020,Yoshiyuki Nishi,Mangaka
30020,Ei Andou,Not Recorded
30020,Kouji Yoshida,Magazine Editor
30020,Edward Kondo,Translator
30020,Julie Naruse,Translator
30020,Yoshiaki Naruse,Translator
30020,Kazushi Hinoki,Mangaka
30020,Kazushi Hinoki,Assistant
30020,Masana Takahashi,Not Recorded
30020,Takashi Yaguchi,Mangaka
159925,Shinoa,Mangaka
136092,Oneulman Saneun Hyeongje,Mangaka
136092,Vivien Neumann,Translator
132364,Mamoru Aoi,Mangaka
132364,Aline Kukor,Translator
132364,Eric Montesinos,Letterer
132364,Eric Montesinos,Touch-up Artist
132364,Phil Christie,Letterer
132364,Hana Allen,Translator
132364,Cerise Heurteur,Not Recorded
132364,Nana Umino,Translator
123121,Kafka Asagiri,Mangaka
123121,Kafka Asagiri,Writer
123121,Kafka Asagiri,Scriptwriter
123121,Harukawa35,Mangaka
123121,Matthew Rutsohn,Translator
107416,Asumiko Nakamura,Mangaka
96518,Muneyuki Kaneshiro,Writer
96518,Hikaru Araki,Not Recorded
86182,Type-Moon,Not Recorded
86182,Task Ohna,Artist
65573,Ichigo Takano,Mangaka
65573,Sheldon Drzka,Translator
65573,Ana Caro,Translator
65573,Amber Tamosaitis,Translator
65573,Lys Blakeslee,Letterer
65573,Graciela Naguisa Kushihara,Translator
65573,Carlo Vanstiphout,Letterer
65573,Chiharu Chujo,Translator
65573,Erwan Charlès,Letterer
65573,Livio Tallini,Not Recorded
65573,Mateusz Haberka,Translator
65573,Joanna Kochanowska,Translator
65573,Anna Křivánková,Translator
65573,Lasse Christiansen,Translator
65573,Hằng Trần,Translator
46659,Nobuyuki Fukumoto,Mangaka
40179,Jirou Taniguchi,Mangaka
40179,Marc Bernabé,Translator
40179,Kumar Sivasubramanian,Translator
40179,Drik Sada,Translator
40179,Josef Shanel,Translator
40179,Matthias Wissnet,Not Recorded
40179,Shinji Iwaoka,Not Recorded
40179,Jean-Luc Ruault,Translator
40179,Marie-Françoise Monthiers,Not Recorded
40179,Geni Bigas,Not Recorded
40179,José de Freitas,Not Recorded
40179,Xavier Roch,Not Recorded
40179,Albert Agut,Not Recorded
40179,Yayoi Kagoshima,Not Recorded
40179,Gabriela Kato,Letterer
40179,Bruno Zago,Editor
39738,Karin Suzuragi,Mangaka
39738,Karin Suzuragi,Illustrator
39738,Ryukishi07,Writer
39738,Alethea Nibley,Translator
39738,Abigail Blackman,Letterer
39738,Athena Nibley,Translator
39738,Katarzyna Podlipska,Translator
37458,Takeshi Obata,Mangaka
37458,Tsugumi Ooba,Writer
37458,NISIOISIN,Writer
37458,Andrew Cunningham,Translator
37458,Thuy Quynh,Translator
166352,Moyori Mori,Mangaka
166352,Miryll Ihrens,Translator
154361,Jang Jin,Mangaka
154361,So-Heun,Artist
154361,Deok-Su Baek,Writer
143550,Jacqueline Fung,Translator
143550,Mikkamita,Mangaka
143550,Toppy,Letterer
143516,Aruma Arima,Not Recorded
143516,Masuku Fukayama,Not Recorded
143516,Wojciech Gęszczak,Translator
143516,Lee Tuohy,Not Recorded
130687,Momoco,Illustrator
130687,Sunsunsun,Not Recorded
130687,Keerati Suppatkul,Translator
130687,Trân Trân,Translator
130687,Matthew Rutsohn,Translator
130687,Ha Ni Wa,Translator
126559,Daichi Kawada,Mangaka
126559,Kasumi Yasuda,Not Recorded
126559,Gandalf Bartholomäus,Translator
122337,Wan Shibata,Mangaka
122337,Hanekoto,Illustrator
122337,Suzu Yuuki,Mangaka
122337,Saeki-san,Writer
122337,Kaitlyn Wiley,Letterer
122337,Nova Skipper,Translator
122337,Richmond T.,Not Recorded
100801,Ruka Kobachi,Mangaka
100801,David Evelyn,Translator
100473,Bam-U,Mangaka
98360,Sugaru Miaki,Writer
98360,Shion,Illustrator
98360,Shion,Artist
98360,Phuong Anh,Translator
87259,Daichi Matsuse,Mangaka
87259,Tappei Nagatsuki,Writer
87259,Shinichirou Ootsuka,Illustrator
87259,Shinichirou Ootsuka,Designer
87259,Melissa Pennacchiotti,Translator
87259,Bianca Pistillo,Letterer
87259,Rochelle Gancio,Letterer
87259,Anthony Quintessenza,Not Recorded
87259,Jeremiah Bourque,Translator
87259,Yoan Giraud,Not Recorded
87259,Lucyna Wawrzyniak,Translator
85922,Yuki Fumino,Mangaka
85922,Salomón Doncel-Moriano Urbano,Translator
85922,Đan Ngô,Translator
85922,Katarzyna Nishioka,Translator
74523,ZUN,Not Recorded
74523,Moe Harukawa,Mangaka
74523,Alethea Nibley,Translator
74523,Alexis Eckerman,Letterer
74523,Athena Nibley,Translator
74523,Jean-Baptiste Bondis,Translator
74523,Lucie Archambault,Not Recorded
45805,Maybe,Not Recorded
45805,Thibaud Desbief,Translator
31216,Ai Yazawa,Mangaka
31216,Andria Cheng,Translator
31216,Raquel Pollán,Translator
30923,Kyouko Hikawa,Mangaka
30923,Freeman Wong,Not Recorded
30923,Walden Wong,Not Recorded
30923,Yuko Sawada,Translator
30436,Junji Itou,Mangaka
30436,Susan Daigle-Leach,Not Recorded
30436,Marc Bernabé,Translator
30436,Paweł Dybała,Translator
30436,Yuji Oniki,Translator
30436,Arnaldo Oka,Translator
168984,Neoshoco,Mangaka
168984,Katarina Rinas,Translator
168984,Ippei Sawada,Editor
165673,Geujyeo,Mangaka
160651,Chihiro Kanisawa,Mangaka
159930,Themis,Artist
159930,Chi-U Kim,Writer
159930,kiraz,Writer
154258,Rou Bao,Writer
154258,Ren Wo Xiao,Writer
154258,Shui Bu Xing De Nengneng,Writer
146314,Rumi Ichinohe,Mangaka
146139,Damcho,Artist
146139,Kkultarae,Writer
142894,Seungu,Not Recorded
142894,Yun-Seol Han,Writer
115326,Sagan Sagan,Not Recorded
115326,Elsa Pecqueur,Touch-up Artist
115326,Elsa Pecqueur,Letterer
115326,Blanche Delaborde,Translator
115326,Kinga Zielińska,Translator
113868,You Shiina,Illustrator
113868,Miya Kazuki,Writer
113868,Quof,Not Recorded
113868,Kieran Redgewell,Editor
112335,Billy Balibally,Mangaka
112335,Christine Dashiell,Translator
112335,Laurie Asin,Translator
112335,Lena Atanassova,Editor
112335,Becca Grace,Editor
106531,Rito Kousaka,Not Recorded
106531,Akumi Agitogi,Not Recorded
106531,Tsukiho Tsukioka,Not Recorded
106531,Lady Nana,Translator
106531,Yun Li,Translator
106531,Paulina Ślusarczyk-Bryła,Translator
104233,Haruka Kawachi,Not Recorded
104233,Eric Montesinos,Letterer
104233,Eric Montesinos,Touch-up Artist
104233,Sophie Lucas,Translator
104233,Cerise Heurteur,Not Recorded
98376,Harushion,Mangaka
87296,CLAMP,Mangaka
87296,Norio Yamakawa,Mangaka
87296,Fédoua Lamodière,Translator
87296,Erin Procter,Not Recorded
87296,Edward Kondo,Translator
87296,Devon Corwin,Translator
87296,Agnès Pérez Massegú,Translator
87296,Hinoko,Not Recorded
87296,Simirimi,Translator
87296,Mehdi Benrabah,Editor
87296,Zijun Chen,Translator
87216,Koyoharu Gotouge,Mangaka
87216,Kintetsu Yamada,Mangaka
87216,Mizuki Yoda,Mangaka
87216,Tatsuhiko Katayama,Producer
87216,Seiran Furuta,Not Recorded
87216,John Werry,Translator
87216,Christian Biscaro,Letterer
87216,Felipe Monte,Translator
87216,Andrea Maniscalco,Translator
87216,Burkhard Höfler,Translator
87216,Yuusuke Asai,Not Recorded
87216,Antonio Valdez,Translator
87216,Víctor Gomà,Translator
87216,Ji-Yeon Jang,Translator
87216,Renata Leitão,Translator
87216,Arion Lian Wu,Letterer
87216,Wojciech Gęszczak,Translator
87216,Simirimi,Translator
87216,Arnaud Takahashi,Translator
87216,Ken Takano,Magazine Editor
86206,Katsuwo,Mangaka
85702,Masahito Watari,Not Recorded
85702,Kurone Mishima,Illustrator
85702,Natsume Akatsuki,Writer
85702,Emilio Martini,Translator
85702,Kevin Steinbach,Translator
85702,Bianca Pistillo,Letterer
85702,Rochelle Gancio,Letterer
85702,Tatiana Bonora,Letterer
85697,Shoutarou Tokunou,Mangaka
85697,Shoutarou Tokunou,Illustrator
85697,Jenny McKeon,Translator
85697,Courtney Williams,Letterer
85697,Linh Ki,Translator
85533,Souichirou Yamamoto,Mangaka
85533,Taylor Engel,Translator
85533,Thibaud Desbief,Translator
85533,Caio Suzuki,Translator
85533,Nguyễn Phạm,Translator
85533,Chiho Christie,Letterer
54308,Atsuko Asano,Not Recorded
54308,Hinoki Kino,Not Recorded
54308,Christy Sawyer,Not Recorded
44531,Tooru Fujisawa,Mangaka
44531,Ko Ransom,Translator
43897,Masaya Tsunamoto,Writer
43897,Tsujitomo,Not Recorded
31408,Hideki Arai,Mangaka
31211,Akira Hiramoto,Mangaka
31211,Thibaud Desbief,Translator
31149,Tetsuo Hara,Mangaka
31149,Yoshiyuki Okamura,Writer
31149,Masanori Morita,Mangaka
31149,Hirohisa Onikubo,Mangaka
31149,Kouji Maki,Mangaka
31149,Nobuhiko Horie,Not Recorded
31149,Shinji Imaizumi,Mangaka
31149,Marc Bernabé,Translator
31149,François Jacques,Touch-up Artist
31149,Anna Piechowiak,Translator
31149,Yirui He,Translator
30928,Hidenori Kusaka,Writer
30928,Satoshi Yamamoto,Not Recorded
30928,Mato,Not Recorded
30928,Jesús Espí,Translator
30928,Óscar Tejero,Translator
30928,Judith Zamora,Translator
30928,Stephanie Lanuza,Not Recorded
30928,Vegard Aune,Translator
30928,Kaori Inoue,Translator
30928,Pascal Oost,Scriptwriter
30928,Pascal Oost,Translator
30770,Yukito Kishiro,Mangaka
30770,Marc Bernabé,Translator
30770,Eric Montesinos,Letterer
30770,Eric Montesinos,Touch-up Artist
30770,Paweł Dybała,Translator
30770,Denis Kimura,Translator
30770,David Deleule,Translator
30770,Jae Hw,Translator
30770,Hinoko,Not Recorded
30770,Olivier Huet,Translator
30770,Bakayaro!,Letterer
30770,Cassius Medaur,Editor
30770,Cassius Medaur,Translator
30770,Marcelo Del Greco,Editor
30770,Marcelo Del Greco,Translator
30770,Júlio Moreno,Editor
30011,Masashi Kishimoto,Mangaka
30011,Yuuichi Itakura,Not Recorded
30011,Ryou Tasaka,Not Recorded
30011,Kenji Taira,Mangaka
30011,Osamu Kajisa,Not Recorded
30011,Mikio Ikemoto,Mangaka
30011,Akira Oukubo,Not Recorded
30011,Kazuhiro Takahashi,Not Recorded
30011,Masaru Matsubara,Not Recorded
30011,Hiroyuki Nakano,Producer
30011,Hiroyuki Nakano,Editor
30011,Sukeyuki Honda,Producer
30011,Alexis Kirsch,Translator
30011,Marc Bernabé,Translator
30011,Annette Nordheim,Translator
30011,Joe Yamazaki,Translator
30011,Mari Morimoto,Translator
30011,Katy Bridges,Translator
30011,Azurelore Korrigan,Translator
30011,Kyoko Shapiro,Translator
30011,Naomi Kokubo,Translator
30011,Kousuke Yahagi,Magazine Editor
30011,Sylvain Chollet,Translator
30011,Marta Gallego,Translator
30011,Frederic Malet,Translator
168002,Teki Yatsuda,Mangaka
168002,Dorothea Überall,Translator
149332,COBY,Writer
149332,AZI,Writer
149332,Je-Won Lee,Artist
149332,Hwangje Penguin,Writer
146746,Ryukishi07,Writer
146746,Tomohi,Mangaka
146746,Tomohi,Illustrator
138928,Nana Aokawa,Mangaka
138928,Richmond T.,Not Recorded
138928,Weijin Li,Translator
136833,Alice Prowse,Translator
136833,Nanna Fujimi,Illustrator
136833,Matsuri Isora,Writer
136833,Pat Suvarnabhumi,Not Recorded
129152,Wan Hatipisu,Illustrator
129152,Touko Amekawa,Writer
129152,Julie Goniwich,Translator
114920,Yuri Kisaragi,Illustrator
114920,Piero Karasu,Writer
114920,Qilei Lin,Translator
114920,Haydn Trowell,Translator
112218,Yuu Aikawa,Not Recorded
112218,Tappei Nagatsuki,Writer
112218,Shinichirou Ootsuka,Illustrator
112218,Shinichirou Ootsuka,Designer
112218,Haruno Atori,Not Recorded
112218,Rochelle Gancio,Letterer
112218,Jeremiah Bourque,Translator
112218,Viet Phuong Vu,Letterer
112218,Yoan Giraud,Not Recorded
112218,Lucyna Wawrzyniak,Translator
110095,NARAK,Artist
110095,Haehwa,Not Recorded
110095,Deulkkae,Not Recorded
110095,Abigail Blackman,Letterer
104203,Nagisa Furuya,Mangaka
104203,Agnès Pérez Massegú,Translator
104203,Anna Piechowiak,Translator
102259,Hye Lee,Mangaka
101583,Shinichi Fukuda,Mangaka
101583,Taylor Engel,Translator
101583,Aline Kukor,Translator
101583,Caio Suzuki,Translator
101583,Eduardo Ozores,Translator
101583,Martyna Zdonek,Translator
101583,Shanshan Wang,Translator
87423,Posuka Demizu,Mangaka
87423,Posuka Demizu,Illustrator
87423,Kaiu Shirai,Writer
87423,Kaiu Shirai,Mangaka
87423,Carlos Mingo,Translator
87423,Sylvain Chollet,Translator
87423,Luise Steggewentz,Translator
87423,Massimiliano Lucidi,Letterer
87423,Erika Abreu,Translator
87423,Carlotta Spiga,Translator
87423,Irene Telleria,Translator
87423,Gustavo Figueiredo,Letterer
87423,Hinoko,Not Recorded
87423,Quỳnh,Translator
87423,Wojciech Gęszczak,Translator
87423,Katarzyna Podlipska,Translator
87423,Diógenes Dih,Editor
87423,Diógenes Dih,Letterer
87154,Yeon-Ji Lee,Mangaka
87154,Angeline Loudieres,Translator
85635,Kiyotaka Haimura,Illustrator
85635,Fujino Oomori,Writer
85635,Andrew Gaippe,Translator
85609,Kei Ichikawa,Mangaka
85609,Aline Kukor,Translator
85609,Kat Skarbinec,Translator
74319,Hanokage,Mangaka
74319,Magica Quartet,Not Recorded
74319,William Flanagan,Translator
74319,Lys Blakeslee,Letterer
74319,Tanpopo Team,Translator
74319,Jan Świderski,Translator
74319,Dariusz Domińczak,Translator
60079,Il-Kwon Ha,Mangaka
31047,Masami Kurumada,Mangaka
31047,Shiori Teshirogi,Mangaka
31047,Giacomo Calorio,Translator
31047,Pierre Giner,Translator
31047,Marta Gallego,Translator
165485,Masashi Kishimoto,Mangaka
142989,Kazusa Yoneda,Not Recorded
142989,Rifujin na Magonote,Writer
142989,Sirotaka,Illustrator
119301,Hiro Fujiwara,Mangaka
119301,Hirofumi Yamada,Translator
108141,Aki Ueda,Mangaka
106176,Eita Mizuno,Not Recorded
106176,Iori Miyazawa,Writer
106176,Shirakaba,Not Recorded
100942,sunkki,Mangaka
87170,Tatsuya Endou,Mangaka
87170,Yuuji Kaku,Mangaka
87170,Tatsuki Fujimoto,Mangaka
87170,Oto Tooda,Mangaka
87170,Carlos Mingo,Translator
87170,Yukinobu Tatsu,Mangaka
87170,Christine Dashiell,Translator
87170,Snir Aharon,Not Recorded
87170,Ernesto Cellie,Translator
87170,Chieko Toba,Translator
87170,Irene Telleria,Translator
87170,Shihei Lin,Magazine Editor
87170,Anna Koike,Translator
77022,Yuki Kodama,Mangaka
71629,Honobu Yonezawa,Writer
71629,Task Ohna,Artist
51467,Takashi Murakami,Mangaka
51467,Priscila Aoyama,Not Recorded
51467,Marco Franca,Not Recorded
51467,Denis Kimura,Translator
51467,Víctor Illera,Translator
51467,Phong,Translator
51467,Cassius Medaur,Editor
51467,Cassius Medaur,Translator
31649,Shinobu Kaitani,Mangaka
31649,Jesús Espí,Translator
182270,Ppangjib,Mangaka
169386,Scarlet Beriko,Mangaka
169386,Amber Tamosaitis,Translator
169386,Nuria Cimas Pita,Translator
169386,J. Piechowiak,Letterer
155108,Angélique Mariet,Translator
155108,Fumiya Hayashi,Mangaka
155108,Elsa Pecqueur,Touch-up Artist
155108,Elsa Pecqueur,Letterer
155108,Christophe Geldron,Not Recorded
140287,Mei Hachimoku ,Writer
140287,Kukka,Illustrator
140287,Evan Ward,Translator
123409,Wei Ma,Mangaka
120545,Waka Kakitsubata,Mangaka
114531,Kokone Nata,Not Recorded
114531,Amanda Haley,Translator
114531,Lys Blakeslee,Letterer
114531,Anne Klink,Translator
113488,Jin-Seok Kim,Artist
113488,Seopass,Not Recorded
113326,Pengki,Mangaka
113326,Anthony Jolly,Translator
104540,Yumi Sudou,Mangaka
104540,Drik Sada,Translator
104540,Víctor Illera,Translator
104540,Lasse Christiansen,Translator
104540,Frank Sylvain,Not Recorded
104540,Dominique Sylvain,Not Recorded
104540,Bruno Zago,Editor
103610,Ryou Sumiyoshi,Mangaka
103610,Margot Maillac,Translator
103610,Jean-François Lacherie,Not Recorded
103610,Carina Dallmeier,Translator
103610,Yves Huchez,Not Recorded
101853,Jun Eishima,Not Recorded
101853,Tarou Yokoo,Scriptwriter
101853,Toshiyuki Itahana,Not Recorded
101642,Mashimesa Emoto,Writer
101642,Shikayo Shirabaka,Mangaka
101642,Akaneko,Not Recorded
101642,Fengmu Yi,Translator
86436,Tohru Tagura,Not Recorded
86436,Christine Dashiell,Translator
86436,Lena Atanassova,Editor
85564,Yuka Fujikawa,Mangaka
85564,Rifujin na Magonote,Writer
85564,Sirotaka,Illustrator
85564,Beni Axia Conrad,Translator
85564,Kaitlyn Wiley,Letterer
85564,Laura Scoville,Not Recorded
85564,Jill Morita,Translator
85564,Laura Heo,Letterer
85564,Rai Enril,Letterer
85235,Norimitsu Kaihou,Writer
85235,Sadoru Chiba,Artist
85235,Sadoru Chiba,Illustrator
85235,Alexis Eckerman,Letterer
85235,Leighann Harvey,Translator
85235,Veliona,Translator
85235,Chengyin Cai,Translator
85199,Hajime Isayama,Mangaka
85199,Hikaru Suruga,Not Recorded
85199,Gan Sunaaku,Not Recorded
85199,Konkichi,Mangaka
85199,Paweł Dybała,Translator
85199,Claudia Peter,Translator
85199,Simona Maccaroni,Not Recorded
85199,Emmanuel Bonavita,Not Recorded
77825,Nitro Plus,Not Recorded
77825,Shinichirou Nariie,Mangaka
56769,Ruri Miyahara,Mangaka
56769,Mikka Stifler,Translator
56769,Carlo Vanstiphout,Letterer
51054,ZUN,Not Recorded
51054,Aya Azuma,Mangaka
48570,Keiichi Koike,Mangaka
48570,Ajani Oloye,Translator
47465,Kenji Tsuruta,Mangaka
47465,Kenji Tsuruta,Illustrator
47465,Shinji Kajio,Writer
47465,Dana Lewis,Translator
47465,Miguel Ángel Ibáñez,Translator
47465,Géraldine Oudin,Translator
47465,Erwan Lossois,Touch-up Artist
47465,Erwan Lossois,Letterer
47465,Kami Anani,Translator
47465,Anna Koike,Translator
30792,Takehiko Inoue,Mangaka
30792,Haruto Umezawa,Mangaka
30792,Tsukasa Houjou,Mangaka
30792,Yoshihiro Yanagawa,Mangaka
30792,Nobuhiko Horie,Not Recorded
30792,Marc Bernabé,Translator
30792,Hisashi Sasaki,Magazine Editor
30792,Anna Piechowiak,Translator
170179,miHoYo,Not Recorded
170179,evemace,Storyboard Artist
170179,Ji Mo,Storyboard Artist
143216,Tokuwotsumu,Mangaka
143216,Christina Rinnerthaler,Translator
138564,Kongbiji,Mangaka
132165,Wol-Saeng Sa,Not Recorded
132165,Haegi,Not Recorded
129685,Asumiko Nakamura,Mangaka
117802,Eiichirou Oda,Mangaka
117802,Tatsuya Hamazaki,Writer
117802,Boichi,Mangaka
117802,Shou Hinata,Writer
117802,Ryou Ishiyama,Mangaka
116843,Zestkyo,Mangaka
114427,Han Xu,Not Recorded
111970,Dr. Pepperco,Mangaka
111970,Aline Kukor,Translator
111970,Amber Tamosaitis,Translator
111970,Maite Madinabeitia,Translator
111970,Kaitlyn Wiley,Letterer
111970,Studio Charon,Not Recorded
111970,Mingg,Translator
111970,Xiao Tian Ye,Translator
109302,Hitoma Iruma,Writer
109302,Nozomi Ousaka,Mangaka
109302,Nozomi Ousaka,Illustrator
109302,Nozomi Ousaka,Animator
109302,Nio Nakatani,Mangaka
109302,Moke Yuzuhara,Mangaka
109302,Alexis Eckerman,Letterer
109302,Alexandra McCullough-Garcia,Translator
109302,Alexandra McCullough-Garcia,Editor
109302,Laurie Asin,Translator
109302,Morgane Paviot,Not Recorded
100418,Niyama,Mangaka
100418,J. Agustín Izquierdo,Translator
100418,Martin Bachernegg,Translator
86848,Tae-Jun Park,Mangaka
86848,Tae-Jun Park,Artist
86848,Tae-Jun Park,Writer
86753,Type-Moon,Not Recorded
86753,Ryougo Narita,Writer
86753,Shizuki Morii,Illustrator
86753,Shizuki Morii,Mangaka
86753,Nut Rittrairat,Translator
86284,Kyousuke Motomi,Mangaka
86284,Sonia Verschueren,Translator
85464,Gen Urobuchi,Writer
85464,Gen Urobuchi,Scriptwriter
85464,Hanokage,Mangaka
85464,Magica Quartet,Not Recorded
85464,William Flanagan,Translator
85464,Abigail Blackman,Letterer
85139,Eiji Masuda,Mangaka
85139,Alethea Nibley,Translator
85139,Annaliese Christman,Letterer
85139,Annaliese Christman,Touch-up Artist
85139,Athena Nibley,Translator
69859,Kyuuta Sakai,Animator
69859,Kyuuta Sakai,Designer
69859,Kiyomune Miwa,Writer
55409,Ichiei Ishibumi,Writer
55409,Miyama-Zero,Illustrator
55409,Haydn Trowell,Translator
54294,Io Sakisaka,Mangaka
54294,Misato Raillard,Translator
54294,Drik Sada,Translator
54294,Emi Louie-Nishikawa,Translator
54294,So-Hyeon Park,Translator
54294,Aude Charlier,Touch-up Artist
54294,Aude Charlier,Letterer
54294,Mariko Ikeda,Not Recorded
47462,Kazuo Kamimura,Mangaka
47462,Thibaud Desbief,Translator
168264,Machi Suehiro,Mangaka
164857,MIDNIGHT STUDIO,Not Recorded
164857,Yungang Jeong,Writer
164857,Taesu Han,Writer
164857,Team The Zeke,Not Recorded
155485,Glump,Writer
155485,Min-U Son,Mangaka
146030,Makoto Raiku,Mangaka
146030,Ringo Kume,Mangaka
146030,Mayu Souyama,Mangaka
137620,Tite Kubo,Mangaka
135356,Katsuhisa Minami,Mangaka
127886,Kikka Ohashi,Mangaka
127886,Wakatsu Yatsuki,Writer
127886,Kazuki Irodori,Mangaka
127886,Ana Caro,Translator
127886,Emma Schumacker,Translator
127886,Dayeun Kim,Not Recorded
127886,Diana Hesse,Translator
126107,Com,Not Recorded
122993,Yuu Utatane,Not Recorded
122993,Yun Li,Translator
121146,Hidenori Kusaka,Writer
121146,Satoshi Yamamoto,Not Recorded
114542,Sam,Mangaka
111335,A1,Mangaka
100943,sunkki,Mangaka
87151,Alto Yukimura,Not Recorded
75447,Rechi Kazuki,Not Recorded
75447,Wataru Watari,Writer
75447,Ponkan 8,Illustrator
71865,Hirohiko Araki,Mangaka
71865,Kouhei Kadono,Writer
71865,David Evelyn,Translator
71865,Mineru Suzuki,Editor
63297,Io Sakisaka,Mangaka
63297,Akiko Abe,Writer
54457,Hanokage,Mangaka
54457,Magica Quartet,Not Recorded
54457,William Flanagan,Translator
54457,Alexis Eckerman,Letterer
54457,Fabio Sakuda,Translator
54457,Angélique Mariet,Translator
54457,Tanpopo Team,Translator
54457,Tolga Kıray,Translator
54457,Elodie Baunard,Not Recorded
54457,Mengfang Cai,Translator
54457,Jan Świderski,Translator
30463,Kenji Ooiwa,Mangaka
30463,Tatsuhiko Takimoto,Writer
169008,Jaxx,Artist
159436,Hye-Yeon Chu,Artist
159436,Hye-Yeon Chu,Mangaka
159436,Siya,Writer
159436,Adèle Grosperrin,Translator
154159,Cha-Cha Kim,Writer
154159,Ruijie An,Translator
154159,Cheong-Gwa,Artist
151512,Jeong-Yeol Park,Artist
151512,Mokma,Writer
151512,Kiki,Writer
147997,Koucha Agasawa,Mangaka
147997,Yusa Hirakawa,Translator
147586,Guru,Mangaka
147586,Rin-Bi Lee,Not Recorded
147586,Shirley Chen,Letterer
145531,Lilian Lebrun,Translator
145531,Haruo Iwamune,Mangaka
145531,Tomiko Bénézet-Toulze,Letterer
145531,John Neal,Translator
145531,Madeleine Jose,Letterer
143031,Yuuki Doumoto,Mangaka
143031,Yuuki Doumoto,Illustrator
143031,Elena Diaz,Not Recorded
143031,Aleria Amaral,Translator
143031,Qi Xian,Translator
140951,Eresemo,Mangaka
129774,Cho-Bom,Mangaka
123760,Gorou Nori,Mangaka
120796,Mingwa,Mangaka
117195,Aka Akasaka,Mangaka
117195,Aka Akasaka,Illustrator
117195,Mengo Yokoyari,Mangaka
117195,Shiro Usazaki,Mangaka
117195,Taylor Engel,Translator
117195,Abigail Blackman,Letterer
117195,Minna Lin,Translator
117195,Nesrine Mezouane,Translator
117195,San-G,Letterer
117195,Grégoire Hellot,Not Recorded
117195,Jordan Reynolds,Editor
117195,Felicia Sumali,Translator
117195,Anna-Maria Puto-Kaczmarek,Translator
117195,Xiangyin Lin,Not Recorded
117195,Martina Bellová,Letterer
117195,Matěj Vozábal,Translator
112981,Nene Yukimori,Mangaka
112981,Amanda Haley,Translator
112981,Snir Aharon,Not Recorded
112518,Ji-Yeong Kang,Artist
112518,Haga,Mangaka
111608,Arashi Arima,Mangaka
111608,Nomnom Namako,Translator
111608,Melanie Kardas,Editor
107321,coffee,Mangaka
107321,Kevin Steinbach,Translator
107321,Milena Woźniak,Translator
104140,Ei Tozaki,Mangaka
104140,Amber Tamosaitis,Translator
104140,Ray Steeves,Letterer
104140,Camille Velien,Translator
98777,Hiromi Takashima,Mangaka
98777,Jocelyne Allen,Translator
98777,Shaoren Zhang,Translator
98561,Sseu-Dam Park,Mangaka
98561,Yeong-Ha,Writer
92453,Ryukishi07,Writer
92453,Tomohi,Mangaka
92453,Tomohi,Illustrator
91203,Tatsuya Iguchi,Not Recorded
91203,Makoto Mizuta,Mangaka
85747,cosmos,Mangaka
85747,VAN.J,Mangaka
40010,Ryuuhei Tamura,Mangaka
40010,Yuuki Tabata,Mangaka
40010,Hirofumi Neda,Mangaka
40010,Hiroyuki Nakano,Producer
40010,Hiroyuki Nakano,Editor
40010,Dirce Miyamura,Not Recorded
31630,Hirohiko Araki,Mangaka
31630,Hirohisa Onikubo,Mangaka
31630,Reiki Taki,Mangaka
31630,Reiki Taki,Designer
31630,Evan Galloway,Translator
31630,Josef Shanel,Translator
31630,Renata Leitão,Translator
31630,Pablo Tschopp,Translator
31630,Diógenes Dih,Editor
31630,Diógenes Dih,Letterer
31630,Ryosuke Kabashima,Editor
31630,Danilo de Assis,Letterer
165751,Mayo Tsurukame,Mangaka
156723,Katie Kimura,Translator
156723,Saki Sakimoto,Mangaka
156723,Christina Rinnerthaler,Translator
156723,Lena Atanassova,Editor
155465,Pengki,Mangaka
146203,Muneyuki Kaneshiro,Writer
146203,Yuusuke Nomura,Mangaka
146203,Kouta Sannomiya,Not Recorded
146203,Thalia Sutton,Letterer
146203,Thalia Sutton,Editor
146203,Chris Burgener,Letterer
146203,Chris Burgener,Editor
146203,Nate Derr,Translator
138222,Black Ajin ,Not Recorded
138222,O-Hyeon,Mangaka
138222,Douglas De Almeida,Editor
135822,Hi-Nun,Mangaka
127122,Aji,Mangaka
127122,Junghyun,Not Recorded
123868,Yeongol,Mangaka
121991,Jeong-Hyeon Kim,Mangaka
121991,Tae-Jun Park,Mangaka
121991,Tae-Jun Park,Artist
121991,Tae-Jun Park,Writer
121991,Laura Klug,Translator
120112,Kuro Itsuki,Mangaka
120112,Ash Works,Not Recorded
120112,Lily Aspen,Translator
112621,Kashikaze,Mangaka
112621,Lingling Weng,Translator
110140,Suzuyuki,Mangaka
110140,Raquel Viadel,Translator
109384,Azha Liang,Mangaka
109384,Azha Liang,Writer
99183,Masakuni Igarashi,Mangaka
86623,Takuto Kashiki,Mangaka
86623,Taylor Engel,Translator
86623,Abigail Blackman,Letterer
85336,Toshiya Wakabayashi,Mangaka
76814,Tomoko Yamashita,Mangaka
76814,Elsa Pecqueur,Touch-up Artist
76814,Elsa Pecqueur,Letterer
76814,David Pollet,Translator
44721,Tomoya Haruno,Mangaka
44721,Adrienne Beck,Translator
44721,Carolina Hernández Mendoza,Letterer
44721,Maria Robado,Not Recorded
44721,William Ringrose,Not Recorded
41243,Fumiyo Kouno,Mangaka
41243,Pascale Simon,Translator
41243,Eric Montesinos,Letterer
41243,Eric Montesinos,Touch-up Artist
41243,Adrienne Beck,Translator
41243,Cynthia Thiery,Letterer
41243,Cynthia Thiery,Touch-up Artist
41243,Cordelia Suzuki,Translator
41243,Karis Page,Letterer
41243,Agnieszka Zychma,Translator
34258,Keiko Tobe,Mangaka
34258,Alexis Eckerman,Letterer
30442,Taiyou Matsumoto,Mangaka
30442,Marc Bernabé,Translator
30442,Lillian Olsen,Translator
30442,Arnaldo Oka,Translator
30442,Olinda Cordukes,Translator
30442,Hiroshi Takahashi,Translator
30442,Anna Wrzesiak,Translator
30442,Pierre-Yves Perez,Not Recorded
164263,Coco Uzuki,Mangaka
164263,Yihua Zeng,Translator
154474,Suseon,Mangaka
154474,Gajjagwahakja,Writer
153513,Eun-Garam Ryu,Writer
153513,Gyong,Artist
153513,Hajeong,Writer
142201,Juzhi,Mangaka
142201,Xiao Guo,Writer
142201,Zhu Yi,Writer
130665,Huin Gwi,Not Recorded
121819,AidaIro,Mangaka
121819,Lucas dos Santos Cabral,Translator
121819,Etsuko Tabuchi,Translator
121819,Florian Weitschies,Translator
120502,Mika Yamamori,Mangaka
120502,Lys Blakeslee,Letterer
120502,Sawa Savage,Translator
120502,Manon Debienne,Translator
120502,Sharmine Rosielle,Not Recorded
120502,Jessica Latherow,Translator
120502,Nuria Cimas Pita,Translator
120502,Qiufeng Zhao,Translator
113340,Won-Sik Lee,Writer
113340,Kkulchan,Artist
112579,Waka Hirako,Mangaka
112579,Marc Bernabé,Translator
112579,Amanda Haley,Translator
112579,Abigail Blackman,Letterer
112579,Alex Ponthaut,Translator
112579,Clair Obscur,Not Recorded
112579,Caio Pacheco,Translator
112579,Marcelo Del Greco,Editor
112579,Marcelo Del Greco,Translator
112579,Júlio Moreno,Editor
110393,Renji Morita,Mangaka
110393,Souhachi Hagimoto,Writer
110393,Yuuki Eguchi,Mangaka
109608,Kenichi Kondou,Mangaka
109608,Christine Dashiell,Translator
109608,Evan Waldinger,Touch-up Artist
109608,Evan Waldinger,Letterer
108196,Masashi Asaki,Mangaka
108196,Naoki Yamakawa,Not Recorded
108196,Fabien Nabhan,Translator
108196,Yasuko Tojo,Translator
108196,Lucas dos Santos Cabral,Translator
108196,Sascha Mandler,Translator
104030,Ganjii,Not Recorded
104030,Bungou Stray Dogs DA Seisaku Iinkai,Not Recorded
104030,Kevin Gifford,Translator
104030,Rochelle Gancio,Letterer
104030,Karolina Dwornik,Translator
103141,Hidebu Takahashi,Mangaka
100908,Meguru Hinohara,Mangaka
100908,Ewa Wachol,Translator
99346,Umi Shiina,Mangaka
87510,Kagiji Kumanomata,Not Recorded
87510,Susan Daigle-Leach,Not Recorded
87510,Tetsuichiro Miyaki,Translator
87510,James Gaubatz,Letterer
87510,Chengyin Cai,Translator
87442,Kenta Shinohara,Mangaka
87442,Arnaldo Oka,Translator
87442,Adrià Saborido,Translator
87442,Manon Debienne,Translator
87442,Sayaka Okada,Translator
86310,Atsushi Ookubo,Mangaka
86310,Felipe Monte,Translator
86310,Ernesto Cellie,Translator
86310,Lara Iacucci,Not Recorded
86310,Luciane Yasawa,Translator
86310,Kei Urana,Mangaka
86310,Wojciech Gęszczak,Translator
86310,Shusaku Namikawa,Mangaka
86310,Diógenes Dih,Editor
86310,Diógenes Dih,Letterer
86310,Ricardo Santana,Letterer 
86310,Beatriz Bevilacqua,Editor
85827,SSamba,Mangaka
74501,Rensuke Oshikiri,Mangaka
74501,Alexander Keller-Nelson,Translator
54380,Yukiko Horiguchi,Animator
54380,Yukiko Horiguchi,Designer
54380,Sadanatsu Anda,Not Recorded
54380,Molly Lee,Translator
53627,Wataru Watanabe,Mangaka
53627,Caleb Cook,Translator
53627,Rachel Pierce,Letterer
53627,Shougo Tanaka,Not Recorded
40330,George Asakura,Mangaka
33097,Kou Yaginuma,Not Recorded
33097,Raphaëlle Yokota,Translator
186990,Shunsaku Tomose,Illustrator
186990,Shunsaku Tomose,Mangaka
186990,Shougo Kinugasa,Writer
153432,U-Gak,Writer
153432,Mok-In,Mangaka
153432,INKYO,Artist
148082,Azuri Hyuuga,Illustrator
148082,Takata,Writer
148082,Rin Ono,Mangaka
148082,Shi Bing Wei,Translator
147587,Ant Studio,Mangaka
147587,Ant Studio,Producer
147587,KEN,Writer
147587,Hanheun,Writer
147587,Shirley Chen,Letterer
146748,Ryukishi07,Writer
146748,Tomohi,Mangaka
146748,Tomohi,Illustrator
117877,Seok-Chan Jeong,Mangaka
114972,Keito Gaku,Mangaka
114972,Gandalf Bartholomäus,Translator
114972,Rose Padgett,Translator
114972,Leo McDonagh,Translator
114972,Isabelle Bovey,Letterer
114972,Ashley Caswell,Letterer
114972,Blanche Delaborde,Translator
114972,Anna Wrzesiak,Translator
101700,Megumi Morino,Mangaka
101700,Miyako Slocombe,Translator
101700,Devon Corwin,Translator
101700,Thalia Sutton,Letterer
101700,Thalia Sutton,Editor
101700,Isabelle Bovey,Letterer
101700,Kyle Ziolko,Letterer
100557,Hakuri,Mangaka
100557,Hakuri,Illustrator
100557,Carlo Vanstiphout,Letterer
100557,Olinda Cordukes,Translator
100557,Burkhard Höfler,Translator
100557,Anna Koike,Translator
100147,Kurone Mishima,Illustrator
100147,Natsume Akatsuki,Writer
100147,Kevin Steinbach,Translator
99640,Azusa Mase,Mangaka
99640,Misato Raillard,Translator
99640,Eric Montesinos,Letterer
99640,Eric Montesinos,Touch-up Artist
99640,Erin Procter,Not Recorded
99640,Jacqueline Wee,Not Recorded
99640,Cynthia Thiery,Letterer
99640,Cynthia Thiery,Touch-up Artist
92985,Takeshi Nogami,Mangaka
92985,Takaaki Suzuki,Writer
86640,Jeong-Hu Mun,Artist
86640,Gi-Un Ryu,Writer
85887,namo,Mangaka
50242,Yoshiaki Sukeno,Mangaka
50242,Shihei Lin,Magazine Editor
33713,Kenji Nagatomo,Not Recorded
33713,Araki Joh,Writer
33281,Keiji Nakazawa,Not Recorded
33281,Drik Sada,Translator
33281,Vincent Zouzoulkovsky,Translator
33281,Evandro Pimentel,Not Recorded
33281,Nina Olligschläger,Translator
33281,Tormod Haugen,Translator
33281,Katsuyoshi Watanabe,Translator
33281,Monika Gaczyńska,Translator
33281,Urszula Gaczyńska,Translator
33281,Martyna Taniguchi,Translator
33281,Berangere Orieux,Editor
33258,Jirou Taniguchi,Mangaka
33258,Frédéric Boilet,Not Recorded
33258,Kumar Sivasubramanian,Translator
33258,Drik Sada,Translator
33258,Claudia Peter,Translator
33258,Kaoru Sekizumi,Translator
33258,Gabriela Yuki,Not Recorded
33258,Keiko Suzuki,Not Recorded
33258,M. Barrera,Not Recorded
33258,Bruno Zago,Editor
181542,NEMONE,Artist
181542,HONGDUCK,Writer
180752,Osamu Nishi,Mangaka
180752,Shiro Usazaki,Mangaka
180752,Hachi,Mangaka
180752,Sanpei Komachi,Not Recorded
180752,Yuuki Akou,Not Recorded
180752,Adrienne Beck,Translator
180752,Rihito Moriyama,Mangaka
180752,John Hunt,Letterer
180752,John Hunt,Touch-up Artist
180752,Takuya Ogawa,Magazine Editor
180752,Rae First,Editor
180752,Alisson R.,Editor
180752,Yoichi Necoda,Mangaka
180752,Kotoha Hanaji,Mangaka
180752,Kon Wakase,Mangaka
180752,Paulo Kutscher,Translator
177373,Lü Lü Lü Jiang,Mangaka
177373,Qiao Yao,Writer
171068,Jibung,Not Recorded
166658,Ha-Gyeon Lee,Artist
166658,sdcknight,Writer
166658,Hyeong Im,Writer
158706,Yoteh,Not Recorded
158706,Manggokim,Writer
158706,Do-Hyang Min,Writer
158706,Jessica Walther,Translator
156031,Keiko Iwashita,Mangaka
156031,Shanshan Wang,Translator
156031,Constanze Thede,Translator
129345,Xi Ling Luobo,Mangaka
126768,Yufuko Suzuki,Mangaka
126768,Anna Piechowiak,Translator
124964,Yama Wayama,Mangaka
124964,Alexandre Fournier,Translator
123314,Nanaki Nanao,Mangaka
123314,Shou Kobayashi,Magazine Editor
123314,Alice Rundcrantz Leise,Letterer
121364,Amamiya,Mangaka
121364,Raúl Monclús Ruiz,Translator
120963,Daichi Matsuse,Mangaka
120963,loundraw,Illustrator
120963,Tetsuya Sano,Writer
120963,Aline Kukor,Translator
119664,Cocomi,Mangaka
119664,Angélique Mariet,Translator
119664,Anna Schnell,Not Recorded
119664,Anh Bùi,Translator
119664,Nicole Roderick,Letterer
116382,Sansobi,Not Recorded
116382,Dwaeji Cake,Artist
116382,Ttaelkkam,Mangaka
116382,Yu-Sin Kim,Mangaka
116382,BABARA,Artist
116382,Ju-Hui Lee,Colorist
116382,Adam Jankowski,Letterer
116382,Junimon,Artist
114768,Mingwa,Mangaka
112197,Yu-In,Writer
112197,Kidari Studio,Not Recorded
97391,Ritsu Miyako,Not Recorded
97391,Antje Bockel,Translator
87197,Mineji Sakamoto,Not Recorded
87197,Makoto Sanda,Writer
87197,Ming Bi,Translator
73915,Zhihui Deng,Artist
73915,Jianhe Zheng,Mangaka
73915,Jianhe Zheng,Artist
65733,Mitsu Izumi,Mangaka
65733,Henrique Minatogawa,Translator
65733,Graciela Naguisa Kushihara,Translator
65733,Hoang Anh,Translator
65733,Nixuan Li,Translator
65733,Diana Hesse,Translator
55250,Sayman Dowman,Mangaka
55250,Sayman Dowman,Illustrator
55250,Alethea Nibley,Translator
55250,Josef Shanel,Translator
55250,Ray Steeves,Letterer
55250,Athena Nibley,Translator
55250,Anais Fourny,Translator
55250,Anna Koike,Translator
54801,Shino Torino,Mangaka
54801,Jordan Sinnes,Translator
43419,Yoshihiro Tatsumi,Mangaka
43419,John Schmitt-Weigand,Translator
35711,Masahito Soda,Mangaka
33403,Akihisa Ikeda,Mangaka
31506,Hinako Ashihara,Mangaka
31506,Misato Raillard,Translator
31506,Eric Montesinos,Letterer
31506,Eric Montesinos,Touch-up Artist
31506,Verónica Calafell,Translator
31506,Cynthia Lacroix,Not Recorded
31101,Yoshiaki Tabata,Scriptwriter
31101,Yuuki Yogo,Artist
31101,Yuuki Yogo,Mangaka
30017,Masami Tsuda,Mangaka
30017,Bowen Park,Letterer
30017,Bowen Park,Touch-up Artist
30017,Marc Bernabé,Translator
30017,Amy Forsyth,Translator
30017,Fédoua Lamodière,Translator
30017,Drik Sada,Translator
30017,Beth Kodama,Translator
30017,Beth Kodama,Illustrator
30017,Beth Kodama,Writer
30017,Fawn Lau,Letterer
30017,Fawn Lau,Touch-up Artist
30017,Marta Gallego,Translator
30017,Simona Stanzani,Translator
30017,Antje Bockel,Translator
30017,Michelle Kobayashi,Translator
30017,Jack Niida,Translator
30017,Paul Tanck,Letterer
30017,Chrissy Schilling,Translator
30017,Jennifer Nunn,Letterer
30017,Judi Csotsists,Letterer
30017,Germana Viana,Letterer
30017,Alessandro Cantonetti,Translator
30017,Harue Matsumura,Translator
30017,Akiko Sakai,Translator
30017,Elza Keiko,Letterer
30017,Verónica Calafell,Translator
30017,Aurore Galy,Translator
188249,Ai Qianshui de Wuzei,Writer
188249,Chun Ba,Writer
188249,Yuanyan de Qiqiu,Artist
182516,Magma,Mangaka
182516,Baek-Sam,Writer
182516,Ligong,Artist
158108,Ami Uozumi,Not Recorded
158108,Jan Cash,Translator
158108,Jiaen Chen,Translator
146393,Upi,Not Recorded
137614,John Tarachine,Mangaka
137614,Jocelyne Allen,Translator
137614,Nuria Cimas Pita,Translator
137614,Olivier Malosse,Translator
130867,Yuki Fumino,Mangaka
130867,Katarzyna Nishioka,Translator
126135,Macchiro,Not Recorded
126135,Obaru,Writer
126135,Uri Valverde,Translator
125116,Fujino Oomori,Writer
125116,Kouta Sannomiya,Not Recorded
125116,Tota Shimouchi,Mangaka
125116,Toshi Aoi,Mangaka
125116,Alethea Nibley,Translator
125116,Athena Nibley,Translator
125116,Sara Linsley,Letterer
125116,Ayahiro,Mangaka
125116,Mei Higuchi,Mangaka
125116,Ryuutarou Masuya,Mangaka
125116,Akisuke,Mangaka
125116,Soutarou Nishii,Mangaka
123573,Byeollarae,Writer
123573,Ryeo-Han Yu,Writer
123573,PAN4,Mangaka
117728,Reva,Mangaka
113055,Here Ri,Writer
113055,Sumpul,Not Recorded
113055,Alpha Tart,Writer
113055,Chireon,Writer
103029,Hirohiko Araki,Mangaka
102308,loundraw,Illustrator
102308,Tetsuya Sano,Writer
102308,Ngoc Han,Translator
101255,Fujimomo,Mangaka
101255,Aline Kukor,Translator
101255,Misato Raillard,Translator
101255,Eric Montesinos,Letterer
101255,Eric Montesinos,Touch-up Artist
101255,Aude Charlier,Touch-up Artist
101255,Aude Charlier,Letterer
100755,Nodeok Park,Mangaka
100052,Nagisa Furuya,Mangaka
100052,Salomón Doncel-Moriano Urbano,Translator
100052,Anna Piechowiak,Translator
86037,Ishio Yamagata,Not Recorded
86037,Miyagi,Not Recorded
86037,Jennifer Ward,Translator
55245,Takashi Murakami,Mangaka
55245,Phong,Translator
54903,Kohske,Mangaka
54903,Christine Dashiell,Translator
54903,Satoko Fujimoto,Translator
54903,Katherine Schilling,Translator
54903,Eric Erbes,Not Recorded
54903,Gandalf Bartholomäus,Translator
54903,Simona Stanzani,Translator
54903,Gemma Tarrés,Translator
31766,Usamaru Furuya,Mangaka
31766,Marc Bernabé,Translator
31766,Marie-Saskia Raynal,Translator
174790,Studio Charon,Not Recorded
174790,Camille Velien,Translator
174790,Akinoko,Mangaka
145165,Hajime Kamoshida,Writer
145165,Hajime Kamoshida,Scriptwriter
145165,Keiji Mizoguchi,Illustrator
145165,Andrew Cunningham,Translator
145165,Kasomphan Haruna,Not Recorded
133797,BANANA,Mangaka
133797,Angato,Writer
133797,Captain Pavé,Not Recorded
132926,Anashin,Mangaka
132926,Emeline Cablé,Not Recorded
130128,Tsumuji Kuroi,Mangaka
127440,Xian Jun,Mangaka
126722,Ren Sakuragi,Mangaka
126722,Marina Bonzi,Translator
126722,Elodie Baunard,Not Recorded
126722,Jiahui Xiao,Translator
126722,Mei Amaki,Translator
126722,Rebecca Sze,Letterer
124382,Yuuki Kamatani,Mangaka
124382,Martyna Zdonek,Translator
124382,Anna Copoví Carda,Translator
110720,Seorim,Writer
110720,Seorim,Mangaka
110720,Mokma,Artist
109064,Aki Yukura,Not Recorded
109064,Martin Bachernegg,Translator
107254,Jaxx,Artist
107254,Mok-Dan Jang,Writer
107098,Takumi Fukui,Mangaka
107098,Takumi Fukui,Writer
107098,Shinya Umemura,Not Recorded
107098,Azychika,Mangaka
107098,Wojciech Gęszczak,Translator
101265,Ammitsu,Mangaka
101265,Aline Kukor,Translator
101265,Eric Montesinos,Letterer
101265,Eric Montesinos,Touch-up Artist
101265,Aude Charlier,Touch-up Artist
101265,Aude Charlier,Letterer
100470,Hae-Yun,Writer
100470,Mas (II),Not Recorded
99758,Fly,Illustrator
99758,Yuki Yaku,Writer
99758,Winifred Bird,Translator
98817,Kazuma Kamachi,Writer
98817,Kiyotaka Haimura,Illustrator
98817,Yasuhito Nogi,Mangaka
98817,Nan Rymer,Translator
98817,Bambi Eloriaga-Amago,Letterer
98817,Roland Amago,Letterer
98817,Tono Kinji,Translator
98305,Hiro,Illustrator
98305,Hiro,Mangaka
98305,Hakkou Ookuma,Editor
96360,Kumiko Saiki,Mangaka
96360,Katrina Leonoudakis,Translator
96360,Elsa Pecqueur,Touch-up Artist
96360,Elsa Pecqueur,Letterer
96360,Anais Fourny,Translator
96360,Aila Nagamine,Letterer
92954,Wataru Watari,Writer
92954,Ponkan 8,Illustrator
92954,Io Naomichi,Mangaka
92954,Jennifer Ward,Translator
92954,Bianca Pistillo,Letterer
92954,Chan,Translator
86687,Isaku Natsume,Mangaka
86462,Robico,Mangaka
86462,Sandra Nogués Graell,Translator
43702,Robico,Mangaka
43702,Sandra Nogués Graell,Translator
43702,Claire Olivier,Translator
30872,Kei Sanbe,Mangaka
30872,Kei Sanbe,Illustrator
30872,Hirohiko Araki,Mangaka
30872,Hirohisa Onikubo,Mangaka
30872,Reiki Taki,Mangaka
30872,Reiki Taki,Designer
30872,Alexis Kirsch,Translator
30872,Evan Galloway,Translator
30872,Mayumi Kobayashi,Translator
30872,Josef Shanel,Translator
30872,Pablo Tschopp,Translator
30872,Ryosuke Kabashima,Editor
30872,Sascha Mandler,Translator
30655,Saki Hiwatari,Mangaka
30128,Matsuri Akino,Mangaka
30128,Adrienne Beck,Translator
30128,Karis Page,Letterer
30128,Agnieszka Budzich,Translator
30128,Magdalena Rokita,Translator
30057,Hisaya Nakajo,Mangaka
30057,David Ury,Translator
30057,Gabe Crate,Not Recorded
30057,Susan Daigle-Leach,Not Recorded
30057,Maite Madinabeitia,Translator
30023,Rumiko Takahashi,Mangaka
30023,Takashi Nagasaki,Writer
30023,Aya Shimizu,Background Artist
30023,Marc Bernabé,Translator
30023,Shigeo Kubota,Magazine Editor
30023,Verónica Calafell,Translator
30023,Ichirou Horie,Not Recorded
30023,Toshiyuki Seo,Not Recorded
30023,Simon Hammar,Translator
30023,Thomas Löwhagen,Translator
30023,Marcelo Del Greco,Editor
30023,Marcelo Del Greco,Translator
30023,Olivier Prézeau,Translator
30023,Wako Miyamoto,Translator
187427,Gap-Song Ji,Writer
187427,Seo-ssi,Writer
187427,Momong,Artist
169355,Aline Kukor,Translator
169355,Camellia Nieh,Translator
169355,Felipe Monte,Translator
169355,Phil Christie,Letterer
169355,Antje Bockel,Translator
169355,Kagetora Toono,Mangaka
169355,Takeru Hokazono,Mangaka
169355,Thiago Péres,Translator
163434,Maru Kubota,Mangaka
144944,schwinn,Mangaka
130711,Honami Shirono,Mangaka
130711,Alexis Eckerman,Letterer
130711,Emma Schumacker,Translator
124156,Azha Liang,Mangaka
124156,Azha Liang,Writer
117460,Sae-Nal Park,Writer
117460,Team Argo,Not Recorded
117460,Dong-Wook Lee,Mangaka
110804,You Shiina,Illustrator
110804,Miya Kazuki,Writer
110804,Suzuka,Mangaka
110804,Quof,Not Recorded
110804,Kieran Redgewell,Editor
110804,Nicole Roderick,Letterer
105790,Takuma Yokota,Mangaka
105790,Katsura Ise,Writer
105790,Wizards of the Coast,Not Recorded
105790,David Evelyn,Translator
103687,Ryouji Hirano,Mangaka
97865,eon,Not Recorded
96930,Kazuhiro Fujita,Mangaka
57231,Mika Yamamori,Mangaka
57231,Misato Raillard,Translator
57231,Agnès Pérez Massegú,Translator
57231,Fangxin Zhang,Translator
42471,F. Fujio Fujiko,Mangaka
30339,Eiji Nonaka,Not Recorded
30339,Dynamic Tarou,Not Recorded
194727,Mu-Hyeon Kim,Artist
194727,Eomcheongnan,Writer
188602,Yeaze,Mangaka
163400,Kumichou,Mangaka
163400,Aki Hamaji,Mangaka
163400,Aki Hamaji,Illustrator
163400,Phil Christie,Letterer
163400,John Neal,Translator
145598,Nagaru Tanigawa,Writer
145598,Noizi Itou,Illustrator
145598,Noizi Itou,Designer
145598,Paul Starr,Translator
143719,Aya Hirakawa,Mangaka
135325,doip,Writer
135325,Deung-Byeol Lee,Writer
135325,Do-Mun Do,Artist
118695,Shimo Aono,Illustrator
118695,Shimo Aono,Mangaka
118695,Inori.,Writer
118695,Hanagata,Illustrator
118695,Courtney Williams,Letterer
118695,Joshua Hardy,Translator
118695,Yongxin Lai,Translator
117918,VAN.J,Mangaka
104271,Gyeong-Chan No,Writer
104271,Hyeon-Seok Lee,Artist
104271,Douglas De Almeida,Editor
100293,Inoue,Mangaka
100293,Nicole Frasik,Translator
100293,Aila Nagamine,Letterer
100293,Josh Cole,Translator
85814,Makoto Fuugetsu,Mangaka
85814,Tappei Nagatsuki,Writer
85814,Shinichirou Ootsuka,Illustrator
85814,Shinichirou Ootsuka,Designer
85814,J. Oriol Guinovart,Translator
85814,Anthony Quintessenza,Not Recorded
85814,Jeremiah Bourque,Translator
85814,Karolina Dwornik,Translator
85814,Yoan Giraud,Not Recorded
85749,Sabu Musha,Mangaka
85749,Kurehito Misaki,Illustrator
85749,Fumiaki Maruto,Writer
83537,Rui Komatsuzaki,Not Recorded
83537,Kitayama Takekuni,Writer
82343,Shoutarou Ishinomori,Mangaka
76024,Mamare Touno,Not Recorded
76024,Kazuhiro Hara,Illustrator
76024,Shouji Masuda,Not Recorded
76024,Taylor Engel,Translator
66903,Kenji Tsuruta,Mangaka
66903,Kenji Tsuruta,Illustrator
66903,Shinji Kajio,Writer
66903,Miguel Ángel Ibáñez,Translator
66903,Géraldine Oudin,Translator
66903,Erwan Lossois,Touch-up Artist
66903,Erwan Lossois,Letterer
65003,Miki Yoshikawa,Mangaka
65003,Nadja Stutterheim,Voice Actor
65003,Nadja Stutterheim,Translator
64127,Tsutomu Satou,Writer
64127,Kana Ishida,Animator
64127,Kana Ishida,Illustrator
64127,Kazuma Miki,Editor
64127,Kazuma Miki,Writer
64127,Alice Prowse,Translator
64127,Nesrine Mezouane,Translator
46276,Asumiko Nakamura,Mangaka
42713,Kenichi Muraeda,Mangaka
39152,Moto Hagio,Mangaka
33868,Takayuki Yamaguchi,Mangaka
33868,Norio Nanjou,Writer
33868,Hiroshi Hirata,Mangaka
33868,Lídia Ivasa,Translator
33868,Gabriela Kato,Letterer
33868,Bruno Zago,Editor
176854,Haru Yatosaki,Mangaka
174501,Moyori Mori,Mangaka
170894,Un Yeo,Writer
170894,King Soda,Writer
170894,Deokpeu,Artist
152128,Gap-Song Ji,Writer
152128,Seul-Gi Park,Writer
152128,Ju-Hui O,Artist
152128,Adèle Grosperrin,Translator
150170,Chwiryong,Writer
150170,DOES,Mangaka
147468,Fujichika,Mangaka
147468,Blanche Delaborde,Translator
147468,Nuria Cimas Pita,Translator
139741,Jiehuo Wan,Writer
139741,Xu Jia,Artist
139741,MR.Zhen Zhan,Writer
136253,Yodokawa,Mangaka
136253,Elena Pizarro Lanzas,Letterer
136253,Stephen Paul,Translator
136253,Jiu Liu,Translator
135096,Son Gaepi,Artist
134255,Nemui Asada,Mangaka
134255,Jan Kuhn,Translator
128965,Green Jang,Writer
128965,Green Jang,Mangaka
128965,Flavie,Writer
122462,Teren Mikami,Writer
122462,Eku Takeshima,Mangaka
122462,Onusa Ungsriwong,Translator
122462,Harry Catlin,Translator
120537,Ningiyau,Mangaka
120537,Thomas Zimmerman,Translator
120537,Avery Hutley,Translator
120537,Millonly,Translator
120537,Aidan Clarke,Letterer
115947,Nafuse,Not Recorded
115947,Waisshu,Not Recorded
115947,cell,Not Recorded
115947,Gin,Illustrator
115947,William Varteresian,Translator
112544,Jun Mayuzuki,Mangaka
112544,Hakkou Ookuma,Editor
112544,Pascale Simon,Translator
112544,Amanda Haley,Translator
112544,Abigail Blackman,Letterer
112544,Qixin Li,Translator
105577,Yuu Saitou,Mangaka
105577,So-Hyeon Park,Translator
102043,Kaori Tsurutani,Mangaka
102043,Jocelyne Allen,Translator
102043,Géraldine Oudin,Translator
102043,Ray Steeves,Letterer
102043,Nadja Stutterheim,Voice Actor
102043,Nadja Stutterheim,Translator
102043,Miro,Translator
102043,Laura García Alarcón,Translator
100704,Gaku Kuze,Mangaka
100704,Matt Treyvaud,Translator
100704,Michael Martin,Letterer
87471,Hajime Kamoshida,Writer
87471,Hajime Kamoshida,Scriptwriter
87471,Keiji Mizoguchi,Illustrator
87471,Tsugumi Nanamiya,Mangaka
87471,Andrew Cunningham,Translator
87471,Phil Christie,Letterer
87471,Yoan Giraud,Not Recorded
86898,Petosu,Mangaka
86898,Hirofumi Yamada,Translator
86707,Fabiao De Woniu,Writer
86707,Jiang Ruo Tai,Not Recorded
86123,Teruaki Mizuno,Mangaka
86123,Yuuki Tabata,Mangaka
86123,Masayoshi Satoshou,Mangaka
86123,Asahi Sakano,Mangaka
86123,Meguko Shima,Not Recorded
86123,Taishin Uemura ,Mangaka
86123,Kouki Ishikawa,Mangaka
86123,Taylor Engel,Translator
86123,Sylvain Chollet,Translator
86123,Judith Zamora,Translator
86123,Yotaro Hayakawa,Mangaka
86123,Kazuhiro Wakao,Mangaka
86123,Shuutarou Koga,Mangaka
86123,Yuu Aoki,Mangaka
86123,Liên Vũ,Translator
86123,Solar,Not Recorded
86123,Shinobu Kasaya,Mangaka
86123,Yuu Ajina,Writer
86123,Hayato Natsukawa,Mangaka
86123,Patryk Skorupa,Translator
86123,Charmita,Not Recorded
86123,J Suhendra,Translator
86123,Diógenes Dih,Editor
86123,Diógenes Dih,Letterer
85616,Kanna Kii,Mangaka
85616,Jocelyne Allen,Translator
85616,Maite Madinabeitia,Translator
85616,Annaliese Christman,Letterer
85616,Annaliese Christman,Touch-up Artist
85616,Nan Rymer,Translator
85616,Anna Koike,Translator
85616,Vuong Ha,Translator
85475,Toshimitsu Matsubara,Mangaka
42917,Hiroyuki Takei,Mangaka
35157,Keisuke Itagaki,Mangaka
170688,Jeong-Hyeon Kim,Mangaka
170688,Li-Na Lim,Not Recorded
170688,Laura Klug,Translator
147567,Jeong-Hyeon,Writer
147567,KITROW,Artist
145160,Hajime Kamoshida,Writer
145160,Hajime Kamoshida,Scriptwriter
145160,Keiji Mizoguchi,Illustrator
145160,Andrew Cunningham,Translator
145160,Pawan Karnsomchai,Translator
142254,Wolhet,Mangaka
137280,WAN.Z,Writer
137280,Swing Bat,Not Recorded
137280,Maslow,Writer
136204,UPU,Mangaka
136204,UPU,Artist
136204,Altoran,Artist
136204,San-Cheon,Writer
136204,ZAINO,Writer
136204,Cheol-Bum,Writer
135378,Kou Narita,Mangaka
135378,Rarutori,Writer
135378,Shiabisu,Illustrator
132557,Miyata Kyogorou,Mangaka
129135,Sagan Sagan,Not Recorded
129135,Kinga Zielińska,Translator
128791,Su Li Mu,Writer
128791,Bai Meng She,Artist
128435,Jeong-Seo,Mangaka
128435,Do-Tol Hwang ,Not Recorded
127993,Seobi,Not Recorded
123201,Eiji Nagisa,Mangaka
123201,Christina Rinnerthaler,Translator
119363,Hyeon-Jun Oh,Not Recorded
119363,Jong-Seok Park,Not Recorded
118570,Pom,Mangaka
115348,Mone Sorai,Mangaka
115348,Nuria Cimas Pita,Translator
114913,Otsuji,Mangaka
114898,Azusa Banjou,Mangaka
114898,Elena Pizarro Lanzas,Letterer
114898,Miki Z,Translator
114898,Lüyin Chen,Translator
112234,Rikachi,Not Recorded
112234,Florent Faguet,Letterer
112234,Angélique Mariet,Translator
110439,Okura,Mangaka
110439,Jordan Sinnes,Translator
110439,Leo McDonagh,Translator
110439,Lor Prescott,Not Recorded
110439,Isabelle Bovey,Letterer
110439,Blanche Delaborde,Translator
110439,Dekoboko,Translator
110439,Yinting Li,Translator
110439,Lucas dos Santos Cabral,Translator
109017,Akihiro Ononaka,Mangaka
109017,Elena Pizarro Lanzas,Letterer
109017,Mikey N.,Translator
109017,Jean-Baptiste Bondis,Translator
109017,Rebecca Sze,Letterer
109017,Kimberly Martinez,Translator
107790,Junji Itou,Mangaka
107790,Osamu Dazai,Writer
107790,Jocelyne Allen,Translator
107790,Christian Biscaro,Letterer
107790,James Dashiell,Letterer
107790,Ernesto Cellie,Translator
107790,Chieko Toba,Translator
107790,Jacques Lalloz,Translator
107790,Gyeong-Hwa O,Translator
107790,Lucas dos Santos Cabral,Translator
107790,Jens Ossa,Translator
103608,Neji,Mangaka
102895,Yamada,Mangaka
100851,Yuanqi Gongchang,Not Recorded
100851,Han Xu,Not Recorded
100230,Negi Haruba,Mangaka
100230,Shintarou Kawakubo,Producer
100230,Marcey Naitou,Mangaka
100230,Antonio Valdez,Translator
100230,Judith Zamora,Translator
100230,Renata Leitão,Translator
100230,Flazzard,Translator
100230,Tanpopo Team,Translator
100230,Özlem Mete,Translator
100230,Ceren Kaplan,Translator
100230,Soizic Schoonbroodt,Not Recorded
100230,Martyna Zdonek,Translator
100230,Ruiqin Lai,Translator
97871,Bboong,Not Recorded
85198,Hiroto Yokoyama,Not Recorded
85198,Daruma Matsuura,Mangaka
85198,Doumu Kobayashi,Not Recorded
85198,Shigoto Nora,Not Recorded
85198,Gemma Tarrés,Translator
85198,Tatsu Murakoshi,Mangaka
85198,Ewa Wachol,Translator
85198,Saburou Kirigakure,Mangaka
78151,Daisuke Ashihara,Mangaka
78151,Caleb Cook,Translator
78151,Marco Franca,Not Recorded
78151,Lillian Olsen,Translator
78151,Christine Dashiell,Translator
78151,Christian Biscaro,Letterer
78151,Yuu Saitou,Magazine Editor
78151,Annaliese Christman,Letterer
78151,Annaliese Christman,Touch-up Artist
78151,Toshikazu Aizawa,Translator
78151,Michela Riminucci,Translator
78151,Sarah Tangney,Translator
78151,Mari Nishino,Translator
54464,Minoru Kawakami,Writer
54464,Satoyasu,Illustrator
40892,Shouji Gatou,Writer
40892,Douji Shiki,Illustrator
40892,Elizabeth Ellis,Translator
37630,Hiro Arikawa,Writer
37630,Kiiro Yumi,Mangaka
37630,Anne-Sophie Thevenon,Translator
37630,Anne Demars,Letterer
34658,Hiromu Arakawa,Mangaka
34658,Makoto Inoue,Writer
34018,Reiko Shimizu,Mangaka
34018,Ukato Mai,Translator
30674,Yuusei Matsui,Mangaka
30674,Hiroyuki Nakano,Producer
30674,Hiroyuki Nakano,Editor
30160,Jin Kobayashi,Mangaka
30160,Sylvain Chollet,Translator
30160,Jesús Espí,Translator
194302,Inoue,Mangaka
169904,Miyu Morishita,Mangaka
169904,Kyla Aiko,Letterer
169904,Mei Amaki,Translator
169904,Effie Colton,Not Recorded
150440,Masaoki Shindou,Mangaka
150440,Caleb Cook,Translator
150440,Sara Linsley,Letterer
150440,Kyla Aiko,Letterer
150440,Mengfang Cai,Translator
141560,Machi Suehiro,Mangaka
141560,Anne Klink,Translator
137431,Murasaki Yamada,Not Recorded
137431,Ryan Holmberg,Translator
130300,Hee-Su Hong,Not Recorded
130300,Roal,Not Recorded
130300,Yu-Ri,Mangaka
130300,Captain Pavé,Not Recorded
130300,Jonathan Martins,Not Recorded
127249,Hikaru Katsuki,Mangaka
127249,You Shiina,Illustrator
127249,Miya Kazuki,Writer
127249,Quof,Not Recorded
127249,Kieran Redgewell,Editor
127249,Nicole Roderick,Letterer
120675,Ayato Sasakura,Mangaka
114388,Sousuke Touka,Mangaka
114388,Sébastien Ludmann,Translator
114388,Studio Charon,Not Recorded
114388,Siyu Lai,Translator
113168,Kabi Nagata,Mangaka
113168,Jocelyne Allen,Translator
113168,Catherine Bouvier,Letterer
113168,Manon Debienne,Translator
113168,Nadja Stutterheim,Voice Actor
113168,Nadja Stutterheim,Translator
113168,Karis Page,Letterer
113168,Sayaka Okada,Translator
113168,Céline Olive,Not Recorded
113168,Gwen Silver,Letterer
110805,You Shiina,Illustrator
110805,Miya Kazuki,Writer
110805,Ryou Namino,Not Recorded
110805,Quof,Not Recorded
110805,Kieran Redgewell,Editor
110805,Nicole Roderick,Letterer
110530,Miyako Miyahara,Mangaka
110530,Faye Cozy,Translator
110530,Danya Shevchenko,Not Recorded
108695,Hatsuki Satou,Not Recorded
107112,Hazano Kazutake,Mangaka
107112,Hazano Kazutake,Illustrator
107112,Steven LeCroy,Not Recorded
107112,Viet Phuong Vu,Letterer
107112,Jesika Brooks,Not Recorded
107112,Xiangzhi Liao,Translator
106888,Rokuro Saitou,Not Recorded
106888,ATLUS,Not Recorded
103854,Hyang Ryu,Writer
103854,Hee Won,Artist
103180,ONE,Mangaka
103180,Felipe Monte,Translator
103180,Lasse Christiansen,Translator
97852,Tomohito Oda,Mangaka
97852,Kevin Stocker,Translator
97852,John Werry,Translator
97852,Erwan Lossois,Touch-up Artist
97852,Erwan Lossois,Letterer
97852,Eve Grandt,Not Recorded
97852,Katsumasa Ogura,Magazine Editor
97852,Hilal Öndoğan,Translator
97852,Kyla Aiko,Letterer
97852,Anne Klink,Translator
97466,Ruroo,Not Recorded
97466,Yuu Tanaka,Writer
97466,Michael Rachmat,Translator
86243,Mika Yamamori,Mangaka
86243,Taylor Engel,Translator
86243,Lys Blakeslee,Letterer
86243,Weiting Wang,Translator
85934,Fugin Miyama,Mangaka
85934,Fugin Miyama,Illustrator
85934,Kugane Maruyama,Writer
85934,so-bin,Illustrator
85934,Oshio Satoshi,Writer
85934,Andrew Cunningham,Translator
85934,Rochelle Gancio,Letterer
85934,Gabriel Álvarez Martínez,Translator
85934,Lasse Christiansen,Translator
85934,Yoan Giraud,Not Recorded
85934,Dariusz Latoś,Translator
85934,Supa,Translator
85934,Lucas dos Santos Cabral,Translator
85486,Kouhei Horikoshi,Mangaka
85486,Yuusaku Shibata,Mangaka
85486,Hirofumi Neda,Mangaka
85486,Shinachiku,Mangaka
85486,Ryou Ishiyama,Mangaka
85486,Yoco Akiyama,Mangaka
85486,Ryuu Horie,Mangaka
85486,Yuuki Kawaguchi,Mangaka
85486,Rin Matsui,Mangaka
85486,Tei Ashigaki,Mangaka
85486,Shouta Noguchi ,Mangaka
85486,Ippei Watanabe,Not Recorded
85486,Yuuki Yoshida,Mangaka
85486,Keisuke Ikeda,Mangaka
85486,Kei Monri,Mangaka
85486,Kengo Monji,Producer
85486,Lisa-Marie Pettersen Leira,Translator
85486,Caleb Cook,Translator
85486,Graciela Naguisa Kushihara,Translator
85486,Andrea Maniscalco,Translator
85486,Gandalf Bartholomäus,Translator
85486,Antje Bockel,Translator
85486,Thiago Nojiri,Translator
85486,Michela Riminucci,Translator
85486,Kagetora Toono,Mangaka
85247,Yoshiaki Sukeno,Mangaka
85247,Erubo Hijihara,Mangaka
85247,Erubo Hijihara,Illustrator
85247,Kousuke Oono,Mangaka
85247,Kento Matsuura,Mangaka
85247,Shuu Kageyama,Mangaka
85247,Junichi Tamada,Producer
85247,Kouta Tokutsu,Mangaka
85247,koppy,Mangaka
85247,Ryouta Kasai,Magazine Editor
70099,Nozomi Ousaka,Mangaka
70099,Nozomi Ousaka,Illustrator
70099,Nozomi Ousaka,Animator
70099,Torako,Not Recorded
40429,Type-Moon,Not Recorded
40429,Kinoko Nasu,Writer
40429,Tomotaka Takeuchi,Designer
40429,Tomotaka Takeuchi,Illustrator
31365,Keiko Takemiya,Mangaka
31365,Marc Bernabé,Translator
31365,Marco Franca,Not Recorded
31365,Célia Chinarro,Translator
31260,Jirou Suzuki,Mangaka
31260,Ryukishi07,Writer
31260,Alethea Nibley,Translator
31260,Athena Nibley,Translator
31260,Katarzyna Podlipska,Translator
30670,Mohiro Kitou,Mangaka
30564,Hiroya Oku,Mangaka
30564,Marc Bernabé,Translator
30564,Drik Sada,Translator
30564,Tomasz Molski,Translator
30564,Bruno Zago,Editor
30158,Shiho Inada,Mangaka
30158,Fuyumi Ono,Writer
30158,Sachio Nakamura,Not Recorded
30124,Kozue Amano,Mangaka
30124,Alethea Nibley,Translator
30124,Athena Nibley,Translator
163923,Yabako Sandrovich,Writer
163923,Maam,Mangaka
163923,Shou Kobayashi,Magazine Editor
161929,Mamita,Mangaka
161929,Elina Ishikawa,Translator
161929,Nicole Roderick,Letterer
137907,Ryouko Kui,Mangaka
129384,TAN,Not Recorded
129384,Karis Page,Letterer
125078,Yama Wayama,Mangaka
125078,Phil Christie,Letterer
125078,Leighann Harvey,Translator
125078,Yasuko Tojo,Translator
125078,Chiho Christie,Letterer
116401,Tamiki Wakaki,Mangaka
116401,Carlo Vanstiphout,Letterer
116401,Kristjan Rohde,Translator
116401,Maëva Depoilly,Translator
111406,Bboong,Not Recorded
110084,Hidebu Takahashi,Mangaka
110084,Isabelle Bovey,Letterer
110084,Alexandre Goy,Translator
110084,R. L.,Translator
109957,Nong Nong,Not Recorded
109957,Do-Yeon Sa,Writer
109710,Mai Naoi,Mangaka
109710,Katie Kimura,Translator
109710,Vi Vu,Translator
109710,Caroline Wong,Translator
109121,Akiko Takase,Animator
109121,Akiko Takase,Designer
109121,Kana Akatsuki,Writer
108919,Shio Usui,Mangaka
108919,Rina Mapa,Letterer
108919,Jenny McKeon,Translator
108919,Feining Cai,Translator
108919,Qixin Li,Translator
108919,Aleksandra Stawska,Translator
103204,Natsume Hasumi,Mangaka
103204,Kunio Ajino,Not Recorded
103204,Shiki,Writer
103204,Wan Hatipisu,Illustrator
103204,Pornphituk Phethai,Translator
101556,Nobuyuki Fukumoto,Mangaka
101335,Hajime Sawada,Mangaka
101335,Kyouchikutou,Not Recorded
100117,Shingo Adachi,Animator
100117,Shingo Adachi,Designer
100117,Noboru Kannatsuki,Illustrator
100117,Kumo Kagyuu,Writer
100117,Kento Sakaeda,Not Recorded
100117,Kevin Steinbach,Translator
100117,Bianca Pistillo,Letterer
100117,Anthony Quintessenza,Not Recorded
100080,Nekotofu,Mangaka
100080,Nekotofu,Artist
100080,Jan Ivan Concepcion,Not Recorded
100080,Devon Corwin,Translator
100080,Sarah Tilson,Not Recorded
98908,Asaya Miyanaga,Not Recorded
98908,Christine Dashiell,Translator
98908,Lys Blakeslee,Letterer
98908,Nathalie Lejeune,Translator
98617,Kimon,Mangaka
97258,Bino,Mangaka
92544,Ryukishi07,Writer
92544,Tomohi,Mangaka
92544,Tomohi,Illustrator
91616,Kazuya Konomoto,Mangaka
91616,Kazuya Konomoto,Scriptwriter
86738,Rie Oouta,Mangaka
71769,Kyouko Okazaki,Mangaka
71769,Víctor Illera,Translator
60779,Sumomo Yumeka,Mangaka
60779,Adrià Saborido,Translator
60779,Giang Huong,Translator
49594,Shoko Hidaka,Mangaka
43290,Usamaru Furuya,Mangaka
43290,Osamu Dazai,Writer
41652,Tadatoshi Fujimaki,Mangaka
41652,Ichirou Takahashi,Not Recorded
41652,Shouta Sakaki,Mangaka
41652,Kawada,Mangaka
41652,Atsushi Namikiri,Mangaka
41652,Kento Terasaka,Mangaka
41652,Kouhei Oonishi,Producer
41652,Yuki Aonuma,Not Recorded
41652,Kengo Monji,Producer
41652,Caleb Cook,Translator
41652,Yuu Saitou,Magazine Editor
41652,Lídia Ivasa,Translator
41652,Takao Shimazaki,Not Recorded
41652,Kazuki Kitashima,Mangaka
41652,Kazuki Kitashima,Director
41652,Bruno Zago,Editor
41652,Takeru Isaka,Magazine Editor
38571,Gou Nagai,Mangaka
38571,Ken Ishikawa,Mangaka
34368,Yuyuko Takemiya,Writer
34368,Yasu,Illustrator
34368,Yasu,Mangaka
34368,Zekkyou,Not Recorded
34368,Adrienne Beck,Translator
34368,Roland Amago,Letterer
34368,Dariusz Latoś,Translator
34368,Patryk Skorupa,Translator
34368,Paulina Ślusarczyk-Bryła,Translator
30054,Kazuki Takahashi,Mangaka
30054,Kazuki Takahashi,Illustrator
30054,Akira Itou,Mangaka
30054,Akira Itou,Illustrator
30054,Masashi Satou,Not Recorded
30054,Naoyuki Kageyama,Mangaka
30054,Yoshihisa Heishi,Producer
30054,Akihiro Tomonaga,Not Recorded
30054,Annette Nordheim,Translator
30054,José Carlos Assumpção,Not Recorded
30054,Arnaldo Oka,Translator
30054,Ayako Koike,Translator
30054,Magnus Johansson,Translator
30054,Janne Lund,Translator
30054,Marcelo Del Greco,Editor
30054,Marcelo Del Greco,Translator
30047,Akira Amano,Not Recorded
30047,Shou Aimoto,Mangaka
30047,KAITO,Mangaka
30047,Ren Saizaki,Not Recorded
30047,Kenji Sakaki,Mangaka
30047,Shion Mizuki,Not Recorded
30047,Marc Bernabé,Translator
30047,Felipe Monte,Translator
30047,Beth Kodama,Translator
30047,Beth Kodama,Illustrator
30047,Beth Kodama,Writer
30047,Dirce Miyamura,Not Recorded
30047,Jesús Espí,Translator
30047,Diego Rodeguero,Not Recorded
30047,Karolina Dwornik,Translator
30047,Yifeng Zhang,Translator
30047,Bruno Zago,Editor
164599,Lemon Gaeguri,Writer
164599,DOYOSAY,Writer
164599,Ajin,Artist
163408,Su-Jin,Mangaka
155583,hitomi,Not Recorded
142287,Tian Ming Fan Pai,Not Recorded
142287,Liu Mang,Not Recorded
142287,Mu Tou Ren,Not Recorded
136611,Natsumi Ito,Mangaka
136611,Rina Mapa,Letterer
136611,Angélique Mariet,Translator
136611,Samuel Messner,Translator
136611,Florian Monnier,Not Recorded
131822,Kenjirou Hata,Mangaka
124885,Mito,Mangaka
124885,Rina Mapa,Letterer
124885,Jan Cash,Translator
121054,Hidenori Kusaka,Writer
121054,Satoshi Yamamoto,Not Recorded
121054,Mato,Not Recorded
121054,Fernando Mucioli,Voice Actor
121054,Kaori Inoue,Translator
121054,Diógenes Dih,Editor
121054,Diógenes Dih,Letterer
117540,Ppongttamatseukeuryuba,Not Recorded
117540,Blue Canna,Artist
117540,Yeolmae,Not Recorded
117540,Lya Mayahi,Translator
112690,Yuruco Tsuyuki,Mangaka
111212,Kirihito Ayamura,Not Recorded
111212,Nafuse,Not Recorded
111212,Waisshu,Not Recorded
111212,cell,Not Recorded
111212,Gin,Illustrator
107518,Gom-guk,Not Recorded
107518,Il-Hwang,Not Recorded
105307,Kiyomi Sugishita,Not Recorded
105307,Satoko Fujimoto,Translator
105307,Anne Demars,Letterer
99737,Sora Mizuki,Mangaka
99737,Meihua Wu,Translator
99737,Shanshan Wang,Translator
86742,Abi Umeda,Mangaka
86742,Luise Steggewentz,Translator
86742,Óscar Tejero,Translator
86742,Hinoko,Not Recorded
86742,Karine Rupp-Stanko,Translator
69291,Minami Mizuno,Mangaka
69291,Rui Hase,Not Recorded
69291,Anna-Maria Puto-Kaczmarek,Translator
69291,Sara Manasterska,Translator
49266,Isaku Natsume,Mangaka
45104,Shiro Amano,Mangaka
45104,Shiro Amano,Designer
45104,Tetsuya Nomura,Illustrator
45104,Maite Madinabeitia,Translator
38557,Kiichi Hotta,Mangaka
38557,Jiahui Xiao,Translator
38144,Suu Minazuki,Mangaka
37749,Izumi Tsubaki,Mangaka
37749,Mengfang Cai,Translator
31802,Yoko Kamio,Mangaka
30736,In-Wan Yun,Writer
30736,Kyeong-Il Yang,Artist
181313,Dakto,Mangaka
150836,sayren,Writer
150836,Tana,Writer
150836,WAG,Artist
142568,Taizan 5,Mangaka
142568,Kai Kyou,Letterer
142568,Gandalf Bartholomäus,Translator
142568,Erwan Lossois,Touch-up Artist
142568,Erwan Lossois,Letterer
142568,Manon Debienne,Translator
142568,Sayaka Okada,Translator
142568,Licheng Wu,Translator
139540,Touryuumon Takeda,Mangaka
139540,Jason Moses,Translator
139540,Chi Bui,Not Recorded
138847,Adèle Houssin,Letterer
138847,Agri Uma,Mangaka
138847,Essia Mokdad,Translator
138577,Sumi Eno,Mangaka
138577,Lasse Christiansen,Translator
133038,Ga-Rin,Mangaka
133038,KEN,Writer
127008,Hinoki Kino,Not Recorded
127008,Wan Hatipisu,Illustrator
127008,Touko Amekawa,Writer
127008,JM Itomi Crandall,Translator
127008,JM Itomi Crandall,Letterer
127008,Hana Allen,Translator
114671,Tsukiko,Mangaka
114671,Jin Nanami,Not Recorded
106098,Ellianyang,Writer
106098,YumYum,Not Recorded
105688,Mika,Mangaka
105688,Jan Cash,Translator
105688,Alexis Eckerman,Letterer
105688,Anchasa Saksrisakul,Translator
105263,Q Hayashida,Mangaka
105263,Daniel Komen,Translator
105263,Phil Christie,Letterer
105263,Sascha Mandler,Translator
105097,Tomoki Izumi,Mangaka
105097,Hiromu Nagase,Mangaka
105097,Alexis Eckerman,Letterer
105097,Leighann Harvey,Translator
105097,Ryou Sugiura,Mangaka
105097,Anna-Maria Puto-Kaczmarek,Translator
104664,Eiichirou Oda,Mangaka
104664,Tatsuya Hamazaki,Writer
104664,Shou Hinata,Writer
101521,Mutsumi Okubashi,Not Recorded
101521,Kanata Yanagino,Writer
101521,Kususaga Rin,Not Recorded
101521,Brandon Bovia,Letterer
101521,Richard Brown,Letterer
101521,Sasha McGlynn,Not Recorded
101521,Anna Piechowiak,Translator
97812,Naoshi Komi,Mangaka
86300,Fumita Yanagida,Mangaka
86300,Carolina Hernández Mendoza,Letterer
86300,Wesley O'Donnell,Translator
86300,Jennifer O'Donnell,Translator
85395,Miyuki Mitsubachi,Mangaka
85395,Alethea Nibley,Translator
85395,Lys Blakeslee,Letterer
85395,Athena Nibley,Translator
56441,Akira Ishida,Mangaka
56441,Akira Ishida,Illustrator
56441,Mamare Touno,Not Recorded
56441,toi8,Illustrator
46668,Makoto Raiku,Mangaka
46668,Stephen Paul,Translator
35255,Kyousuke Motomi,Mangaka
33102,Milk Morinaga,Mangaka
33102,Marzia Prestigiacomo,Translator
31067,Fuyumi Souryou,Mangaka
31067,Sébastien Ludmann,Translator
31067,Luca Toma,Translator
173343,Tetsuo Ideuchi,Mangaka
173343,Kuwahali,Writer
173343,Kuwahali,Mangaka
173343,Catherine Delage,Translator
173343,Maya Ejiri,Mangaka
160454,Hae-Ma Kim,Writer
160454,Go-Gwang,Writer
160454,Du-Si,Artist
159009,Kamejiro,Mangaka
154349,You Chiba,Mangaka
154349,Christine Dashiell,Translator
154349,Phil Christie,Letterer
154349,Chiara Antonelli,Touch-up Artist
154349,Chiara Antonelli,Letterer
154349,Paolo Gattone,Touch-up Artist
154349,Paolo Gattone,Letterer
154349,Jürgen Seebeck,Translator
154349,Shihei Lin,Magazine Editor
154349,Rafael Zaiats,Letterer
154349,Quentin Matias,Not Recorded
154349,Damien Guinois,Translator
154349,Danielle Niederkorn,Editor
154349,Ren Leon,Editor
151909,Doroshii Odoroo,Mangaka
144957,Singsyong,Writer
144957,Phil Christie,Letterer
144957,S-Cynan,Writer
144957,Eondedeu Gamja,Artist
144957,Annabell Führes,Translator
144957,Shirley Chen,Letterer
140495,Yuki Shiwasu,Not Recorded
140495,Youwen Chen,Translator
137816,Yuu Yoshinaga,Mangaka
137816,Carolina Hernández Mendoza,Letterer
137816,Erin Husson,Translator
136177,Fujoking,Not Recorded
136177,samk,Writer
134456,Moscareto,Writer
134456,Do-Yeon Oh,Artist
130606,PlanB,Mangaka
130606,Vivien Neumann,Translator
129341,Xiyuer,Not Recorded
126292,Shio Usui,Mangaka
126292,Avery Hutley,Translator
126292,Xiao Tian Ye,Translator
126292,Aly Villanueva,Letterer
122653,Munamu,Mangaka
111116,Hanse,Mangaka
105011,Yuki Kanamaru,Mangaka
105011,Jiu Liu,Translator
104617,Shindeiru Hotondo,Mangaka
104617,Phil Christie,Letterer
104617,Christina Rose,Translator
104617,Pongkhichi,Translator
104617,Phakphum Sila,Translator
104617,Nathaphol Chitwirakul,Translator
100342,Tomo Kurahashi,Mangaka
100342,Anna Koike,Translator
95041,Hozumi,Mangaka
95041,Verónica Calafell,Translator
95041,Anais Fourny,Translator
95041,Hằng Trần,Translator
95041,Hilal Öndoğan,Translator
95041,Corinne Luijten,Not Recorded
86639,Jun Mayuzuki,Mangaka
86639,SALIDAS,Not Recorded
86639,Ana Caro,Translator
86639,Thibaud Desbief,Translator
86639,Mustika Maria,Translator
86639,Anna Koike,Translator
86639,Yuqing Lü,Translator
74711,Zhihui Deng,Artist
74711,Jianhe Zheng,Mangaka
74711,Jianhe Zheng,Artist
51479,Reki Kawahara,Writer
51479,BUNBUN,Illustrator
51479,Kazuma Miki,Editor
51479,Kazuma Miki,Writer
51479,Stephen Paul,Translator
51479,Anna Piechowiak,Translator
43949,NISIOISIN,Writer
43949,Akira Akatsuki,Mangaka
41425,Keisuke Itagaki,Mangaka
41425,David Evelyn,Translator
41425,Rafael Zaiats,Letterer
37728,PEACH‐PIT,Mangaka
34305,Moto Hagio,Mangaka
34305,Ana Caro,Translator
34305,Miyako Slocombe,Translator
34305,Rachel Thorn,Translator
34305,Elsa Pecqueur,Touch-up Artist
34305,Elsa Pecqueur,Letterer
31092,Kozueko Morimoto,Mangaka
31092,Lady Nana,Translator
30676,Rumiko Takahashi,Mangaka
30676,Shuuhou Kondou,Producer
30676,Masaki Nawata,Not Recorded
30676,Marc Bernabé,Translator
30676,Kazuto Yoshida,Not Recorded
30676,Mari Morimoto,Translator
30676,José Carlos Assumpção,Not Recorded
30676,Arnaldo Oka,Translator
30676,Hiroko Tanaka,Painter
30676,Verónica Calafell,Translator
30676,Toshiyuki Seo,Not Recorded
30676,Takashi Kumagai,Not Recorded
30676,Masanao Murakami,Not Recorded
30676,Björn Åström,Translator
30676,Nika Hashiguchi,Translator
30676,Richard Schicke,Translator
30676,Marcelo Del Greco,Editor
30676,Marcelo Del Greco,Translator
30676,Shunsuke Moteki,Magazine Editor
30676,Yosuke Iizuka,Magazine Editor
180121,Gyogyo Park,Not Recorded
158672,Tomato Soup,Not Recorded
158672,Amanda Haley,Translator
158672,Aila Nagamine,Letterer
158672,AQ,Not Recorded
158672,Mathilde Vaillant,Translator
151808,Yasunori Bizen,Mangaka
151808,Lucas dos Santos Cabral,Translator
145168,Hajime Kamoshida,Writer
145168,Hajime Kamoshida,Scriptwriter
145168,Keiji Mizoguchi,Illustrator
145168,Andrew Cunningham,Translator
144599,Houkou Tsuda,Writer
144599,Nobuhide Takishita,Mangaka
133809,Sagan Sagan,Not Recorded
130229,Carnby Kim,Writer
130229,Pil Hong,Not Recorded
114416,Rikito Nakamura,Mangaka
114416,Yukiko Nozawa,Mangaka
114416,Chris Burgener,Letterer
114416,Chris Burgener,Editor
114416,M. Fulcrum,Translator
114416,Callum May,Translator
114416,Callum May,Editor
113352,Wangcai de Ju,Writer
113352,Atias,Artist
112378,Ghost,Mangaka
105913,Jougi Shiraishi,Writer
105913,Itsuki Nanao,Not Recorded
105913,Azuru,Illustrator
105913,Taylor Engel,Translator
105913,Bianca Pistillo,Letterer
96775,You Shiina,Illustrator
96775,Miya Kazuki,Writer
96775,Suzuka,Mangaka
96775,Quof,Not Recorded
96775,Kieran Redgewell,Editor
96775,Joan Eloi Roca,Translator
96775,Makoto Morinaga,Translator
96775,Raquel Viadel,Translator
96775,Meiru,Not Recorded
87027,Sakk,Not Recorded
53947,Type-Moon,Not Recorded
53947,Kinoko Nasu,Writer
53947,Tenkuu Sphere,Not Recorded
52044,Takana Hotaru,Mangaka
52044,Piro Shiki,Not Recorded
51277,Youko Fujitani,Mangaka
31131,Jiro Matsumoto,Mangaka
30105,Yellow Tanabe,Mangaka
30105,Mitsuhisa Tamura,Mangaka
30105,Chiyo Kenmotsu,Mangaka
180335,Finn K,Letterer
180335,Kaeru Mizuho,Mangaka
180335,Mei Amaki,Translator
180335,Mineru Suzuki,Editor
180335,Hijiri Mita,Mangaka
174233,Makoto Miyagi,Not Recorded
174233,Bench Kanase,Illustrator
174233,Jan Ivan Concepcion,Not Recorded
174233,Jordon Moneypenny,Translator
174233,Kaeru Chouhoukiteki,Writer
170755,Riichirou Inagaki,Mangaka
170755,Boichi,Mangaka
170755,Caleb Cook,Translator
170755,Steve Dutro,Not Recorded
161477,Tamotsu Kuwabara,Not Recorded
150378,Yuto Sano,Mangaka
150378,David Evelyn,Translator
150378,Kyla Aiko,Letterer
150378,Yusa Hirakawa,Translator
144006,YUJU,Not Recorded
141124,Poppy Pesuyama,Mangaka
134556,Mok-In,Mangaka
134556,Yasingmeongneunjung,Not Recorded
134556,Sa-Dam,Artist
128393,Ji Zhi She,Translator
128393,Tak-Bon,Mangaka
127683,Hajime Kamoshida,Writer
127683,Hajime Kamoshida,Scriptwriter
127683,Keiji Mizoguchi,Illustrator
127683,Tsukako Akina,Mangaka
127683,Tsukako Akina,Illustrator
127683,Andrew Cunningham,Translator
127683,Brandon Bovia,Letterer
125624,Akari Kajimoto,Mangaka
125624,Aguro Kouki,Mangaka
125624,Claudia Peter,Translator
112978,Junji Itou,Mangaka
112978,Yuji Oniki,Translator
